"source_platform","item_id","keywords","product_url","product_title","detail_title","search_price_text","detail_price_text","shop_name","shop_url","location","sales_text","image_url","model","brand","control_system","payment_method","theme_style","color_category","origin_place","applicable_scene","applicable_age","device_type","applicable_gender","attributes_json","collected_at","capture_status","capture_note"
"taobao","726100694767","娃娃机配件","https://item.taobao.com/item.htm?abbucket=7&id=726100694767&mi_id=0000CUVisTBMY5PSQH9zdxSjUyExfa3D1tRDzmBO8jUs2IA&ns=1&priceTId=2147850917835908020068158e0fe9&skuId=5037179480266&spm=a21n57.1.item.2&utparam=%7B%22aplus_abtest%22%3A%22535ecfac050ee22ebc6358572b791d2d%22%7D&xxc=taobaoSearch","娃娃机线圈抓烟糖果夹公仔游戏机天车配件耐高温电磁铁爪子铜线圈 14-60岁 游戏机 娃娃机","娃娃机线圈抓烟糖果夹公仔游戏机天车配件耐高温电磁铁爪子铜线圈","¥ 40","￥40","11年老店 劲恒动漫科技1号店","https://store.taobao.com/category.htm?appUid=RAzN8HWLs2NxqWf5qSm9qEtFQF3D99SrCfodnqHsS5orMtKjNwT&spm=a21n57.1.item.2","广东","付款","https://g-search2.alicdn.com/img/bao/uploaded/i4/i2/782508385/O1CN01wDeUJX2BoNrflXSRH_!!782508385.jpg_460x460q90.jpg_.webp","线圈","劲恒","游戏机","","","","中国大陆","通用","14-60岁","娃娃机","男女通用","{""适用性别"": ""男女通用"", ""产地"": ""中国大陆"", ""品牌"": ""劲恒"", ""适用场景"": ""通用"", ""适用年龄段"": ""14-60岁"", ""设备种类"": ""娃娃机"", ""型号"": ""线圈"", ""控制系统"": ""游戏机""}","2026-07-09 18:01:52","success",""
"taobao","524651656917","投币器、娃娃机配件","https://item.taobao.com/item.htm?abbucket=7&id=524651656917&mi_id=0000zTXSjOL_yT4a_KSqwWu81BD8CCdqsyMir1QYUr7c8gc&ns=1&priceTId=2147850917835908020068158e0fe9&skuId=5769554853299&spm=a21n57.1.item.3&utparam=%7B%22aplus_abtest%22%3A%2248441ab7367bd4c92d5e2769c12b90eb%22%7D&xxc=taobaoSearch","通利TW131游戏机投币器娃娃机摇摇车商用通用配件比较式侧投新款 6-80岁 游艺机 投币","通利TW131游戏机投币器娃娃机摇摇车商用通用配件比较式侧投新款","¥ 10","￥10","12年老店 广州铭盛科技","https://store.taobao.com/category.htm?appUid=RAzN8HWKk3sRoDXjQuM39YjpCDy4FPwFV6NgEUdjTohUR1TMEZ7&spm=a21n57.1.item.3","广东","付款","https://g-search1.alicdn.com/img/bao/uploaded/i4/i3/474375678/O1CN010ZdbHl1roZyg3yMqJ_!!474375678.png_460x460q90.jpg_.webp","TW-131","通利","游艺机","投币","动漫","TW131银色,TW131W白色,TW131Y黄色,TW131K黑色,JY133A银色,JY133A黄色,JY133A白色,TW136银色,TW136W白色,TW136K黑色,4P侧投线5条,投币器七彩边框-变色款,投币器七彩边框-跑马灯转圈款","广州番禺","电玩城","6-80岁","娃娃机","男女通用","{""适用性别"": ""男女通用"", ""产地"": ""广州番禺"", ""品牌"": ""通利"", ""适用场景"": ""电玩城"", ""适用年龄段"": ""6-80岁"", ""设备种类"": ""娃娃机"", ""型号"": ""TW-131"", ""支付方式"": ""投币"", ""控制系统"": ""游艺机"", ""主题风格"": ""动漫"", ""颜色分类"": ""TW131银色,TW131W白色,TW131Y黄色,TW131K黑色,JY133A银色,JY133A黄色,JY133A白色,TW136银色,TW136W白色,TW136K黑色,4P侧投线5条,投币器七彩边框-变色款,投币器七彩边框-跑马灯转圈款""}","2026-07-09 18:01:52","success",""
"taobao","24336968762","投币器","https://item.taobao.com/item.htm?abbucket=7&id=24336968762&mi_id=0000V_KiBTTi0DWSPjtenieRT0M-sIpvOeFANfzeycLc7_o&ns=1&priceTId=2147850917835908128228879e0fe9&skuId=3448168249916&spm=a21n57.1.item.2&utparam=%7B%22aplus_abtest%22%3A%22059905afd0dcd21ba1ff3755c0e18395%22%7D&xxc=taobaoSearch","【通利正品】 通利TW-131侧投投币器 大型游戏机CPU比较式投币器 8岁 男女通用","【通利正品】 通利TW-131侧投投币器 大型游戏机CPU比较式投币器","¥ 32","￥32.7","13年老店 漫立方动漫配件1号店","https://store.taobao.com/category.htm?appUid=RAzN8HWYJsLHE3v95x4DyVMTSrp3xSpS3vKCC8PaSv1cZjV2Svm&spm=a21n57.1.item.2","广东","付款","https://g-search3.alicdn.com/img/bao/uploaded/i4/i3/849610736/O1CN01fYLMms1HJ85geG0OS_!!849610736.jpg_460x460q90.jpg_.webp","TW--131","通利","","","","银色通利投币器（一个包邮）,银色通利131投币器（一个包邮）,银色 2个包邮（数量填2件）,银色 3个包邮（数量填3件）,银色 4个包邮（数量填4件）,银色 5个包邮（数量填5以上）,银色 10个包邮（数量填10以上）,银色 30个以上批发（单个价）数量填写30个以上,黄色通利投币器（一个包邮）,黄色 2个包邮（数量填2件）,黄色 3个包邮（数量填3件）,黄色 4个包邮（数量填4件）,黄色 5个包邮（数量填5以上）,黄色 10个包邮（数量填10以上）,黄色 30个以上批发（单个价）数量填写30个以上,投币器（4P接口线）30条总价如需单买咨询客服,（拍错分类默认到付运费）数量按照要求填写,银色：：TL-131银投币器+接口线,黄色：TL-131黄投币器 + 接口线,TL-131黄投币器+接口线数量填写5个以上,TL-131银色投币器+接口线数量填写5个以上","","","8岁","","男女通用","{""适用性别"": ""男女通用"", ""品牌"": ""通利"", ""适用年龄段"": ""8岁"", ""型号"": ""TW--131"", ""颜色分类"": ""银色通利投币器（一个包邮）,银色通利131投币器（一个包邮）,银色 2个包邮（数量填2件）,银色 3个包邮（数量填3件）,银色 4个包邮（数量填4件）,银色 5个包邮（数量填5以上）,银色 10个包邮（数量填10以上）,银色 30个以上批发（单个价）数量填写30个以上,黄色通利投币器（一个包邮）,黄色 2个包邮（数量填2件）,黄色 3个包邮（数量填3件）,黄色 4个包邮（数量填4件）,黄色 5个包邮（数量填5以上）,黄色 10个包邮（数量填10以上）,黄色 30个以上批发（单个价）数量填写30个以上,投币器（4P接口线）30条总价如需单买咨询客服,（拍错分类默认到付运费）数量按照要求填写,银色：：TL-131银投币器+接口线,黄色：TL-131黄投币器 + 接口线,TL-131黄投币器+接口线数量填写5个以上,TL-131银色投币器+接口线数量填写5个以上""}","2026-07-09 18:01:52","success",""
"taobao","578769181176","出票器","https://item.taobao.com/item.htm?abbucket=7&id=578769181176&mi_id=0000e9pedP_DzT592OQK5LvW1XuqGKMvVRQEBvlWvgqi3PM&ns=1&priceTId=2147850917835908234941604e0fe9&skuId=6223330142330&spm=a21n57.1.item.2&utparam=%7B%22aplus_abtest%22%3A%22485da277caabc0c866a72e40ab68b54b%22%7D&xxc=taobaoSearch","PY-001五代彩票器 游戏机高速出票器 防卡纸长短票通用 现货速发 8-80岁 游艺机 动漫","PY-001五代彩票器 游戏机高速出票器 防卡纸长短票通用 现货速发","¥ 12","￥12","12年老店 广州铭盛科技","https://store.taobao.com/category.htm?appUid=RAzN8HWKk3sRoDXjQuM39YjpCDy4FPwFV6NgEUdjTohUR1TMEZ7&spm=a21n57.1.item.2","广东","付款","https://g-search1.alicdn.com/img/bao/uploaded/i4/i4/474375678/O1CN01cx82on1roZyhIVGsF_!!474375678.png_460x460q90.jpg_.webp","JY001出票器","旭漫盛","游艺机","","动漫","","广州番禺","电玩城","8-80岁","其他","男女通用","{""适用性别"": ""男女通用"", ""产地"": ""广州番禺"", ""品牌"": ""旭漫盛"", ""适用场景"": ""电玩城"", ""适用年龄段"": ""8-80岁"", ""型号"": ""JY001出票器"", ""设备种类"": ""其他"", ""控制系统"": ""游艺机"", ""主题风格"": ""动漫""}","2026-07-09 18:01:52","success",""
"taobao","734063520702","出票器","https://item.taobao.com/item.htm?abbucket=7&id=734063520702&mi_id=00001pu7PKoCo2Sl-GbJ9_2DOnFWSBYp2JISU_tmCoyiAuk&ns=1&priceTId=2147850917835908234941604e0fe9&skuId=5251660111937&spm=a21n57.1.item.3&utparam=%7B%22aplus_abtest%22%3A%2211f2c8ff15caef73a78213fabf185032%22%7D&xxc=taobaoSearch","游戏机出票器内置型PY-001彩票器退长短彩票纸积分兑奖票换礼品 14岁以上 男女通用","游戏机出票器内置型PY-001彩票器退长短彩票纸积分兑奖票换礼品","¥ 40","￥40","漫立方动漫游艺配件总店","https://store.taobao.com/category.htm?appUid=RAzN8HWKYYNpVCj5825ToQ4fJxr6S46X2XNquwFJFqRmjZ734w6&spm=a21n57.1.item.3","广东","付款","https://g-search2.alicdn.com/img/bao/uploaded/i4/i4/3971616539/O1CN01qX5HxK1yAujxyxFIM_!!3971616539.jpg_460x460q90.jpg_.webp","PY-001","other/其他","","","","PY-001无面板：带线","","","14岁以上","","男女通用","{""适用性别"": ""男女通用"", ""适用年龄段"": ""14岁以上"", ""品牌"": ""other/其他"", ""型号"": ""PY-001"", ""颜色分类"": ""PY-001无面板：带线""}","2026-07-09 18:01:52","success",""
"taobao","623768049655","彩票机配件","https://item.taobao.com/item.htm?abbucket=7&id=623768049655&mi_id=0000MRyzh_3s_eT9Cxw15XnJe5oMWpfK3NXjZgojhqexGqg&ns=1&priceTId=2147850917835908342152317e0fe9&skuId=4807514186192&spm=a21n57.1.item.2&utparam=%7B%22aplus_abtest%22%3A%2246ad2515c73046d0a407e37004f2466d%22%7D&xxc=taobaoSearch","通利速锐TL-001彩票器面板全套配件 外壳/挡片/清零板/主板/支架 6-80岁 游艺机 动漫","通利速锐TL-001彩票器面板全套配件 外壳/挡片/清零板/主板/支架","¥ 6","￥6","12年老店 广州铭盛科技","https://store.taobao.com/category.htm?appUid=RAzN8HWKk3sRoDXjQuM39YjpCDy4FPwFV6NgEUdjTohUR1TMEZ7&spm=a21n57.1.item.2","广东","付款","https://g-search3.alicdn.com/img/bao/uploaded/i4/i4/474375678/O1CN014mw3bs1roZyhbGSDp_!!474375678.png_460x460q90.jpg_.webp","彩票器配件","通利","游艺机","","动漫","","广州番禺","电玩城","6-80岁","其他","男女通用","{""适用性别"": ""男女通用"", ""产地"": ""广州番禺"", ""品牌"": ""通利"", ""适用场景"": ""电玩城"", ""适用年龄段"": ""6-80岁"", ""型号"": ""彩票器配件"", ""设备种类"": ""其他"", ""控制系统"": ""游艺机"", ""主题风格"": ""动漫""}","2026-07-09 18:01:52","success",""
"taobao","906738603703","彩票机配件","https://item.taobao.com/item.htm?abbucket=7&id=906738603703&mi_id=0000NyYA-QR2mmDSZsblf7E9gYgnPzduefxXm4eEtBBojGw&ns=1&priceTId=2147850917835908342152317e0fe9&skuId=5935614043213&spm=a21n57.1.item.3&utparam=%7B%22aplus_abtest%22%3A%22c3121b416cd9b56227e1fe52462ef12c%22%7D&xxc=taobaoSearch","彩票器配件面板速锐X4外壳TL-001B出票器配件 游戏机出票器清0板 14岁以上 男女通用","彩票器配件面板速锐X4外壳TL-001B出票器配件 游戏机出票器清0板","¥ 4","平台加补后￥4.9优惠前￥5","12年老店 广州华靓科技游戏机配件","https://store.taobao.com/category.htm?appUid=RAzN8HWYorMUKqKqsaffhmXiqWwUsnarDHo6HSmEvAxHg4DYrBK&spm=a21n57.1.item.3","广东","付款","https://g-search1.alicdn.com/img/bao/uploaded/i4/i2/2123380851/O1CN01uzYt0S1I9o6AF0OhA_!!2123380851.jpg_460x460q90.jpg_.webp","速锐","彩票器","","","","外壳一对,固定支架,电机,清票板,拉票板,小齿轮,主板,拆机小外壳,大齿轮,拆机彩票器,拆机彩票器带面板,全彩票器","","","14岁以上","","男女通用","{""适用性别"": ""男女通用"", ""品牌"": ""彩票器"", ""适用年龄段"": ""14岁以上"", ""型号"": ""速锐"", ""颜色分类"": ""外壳一对,固定支架,电机,清票板,拉票板,小齿轮,主板,拆机小外壳,大齿轮,拆机彩票器,拆机彩票器带面板,全彩票器""}","2026-07-09 18:01:52","success",""
"taobao","744056863213","游戏机按钮","https://item.taobao.com/item.htm?abbucket=7&id=744056863213&mi_id=0000Pu3isT9UYg3ylPMGvTr-ou_Lrtlgm_79DvMwOr-6urs&ns=1&priceTId=2147850917835908448622990e0fe9&skuId=5299984370609&spm=a21n57.1.item.2&utparam=%7B%22aplus_abtest%22%3A%22ede1f70adaba5ed04fdaef2a65f79b4e%22%7D&xxc=taobaoSearch","游戏机配件卡式按钮30MM透明按钮多色月光宝盒潘多拉街机格斗按键 9岁 街机 男女通用","游戏机配件卡式按钮30MM透明按钮多色月光宝盒潘多拉街机格斗按键","¥ 13","平台加补后￥13.58优惠前￥14","广喜动漫游戏配件经营部","https://store.taobao.com/category.htm?appUid=RAzN8HWJNsUgxiPZQH5B7oiG9HjayEvLG8YviofnuPyKssvdM3q&spm=a21n57.1.item.2","广东","付款","https://g-search1.alicdn.com/img/bao/uploaded/i4/i1/2216783466077/O1CN01Mvfc4b1ulJmVyuHI8_!!2216783466077.jpg_460x460q90.jpg_.webp","30卡式按键","other/其他","","","","30#透明卡式黑色按键10个,30#透明卡式黄色按键10个,30#透明卡式绿色按键10个,30#全透明卡式色按键10个,30#透明卡式蓝色按键10个,30#透明卡式红色按键10个,30#透明卡式白色按键10个","中国大陆","","12个月,14岁以上,18个月,2岁,3岁,4岁,5岁,6岁,7岁,8岁,9岁,10岁,11岁,12岁,13岁,14岁","街机","男女通用","{""适用性别"": ""男女通用"", ""产地"": ""中国大陆"", ""适用年龄段"": ""12个月,14岁以上,18个月,2岁,3岁,4岁,5岁,6岁,7岁,8岁,9岁,10岁,11岁,12岁,13岁,14岁"", ""设备种类"": ""街机"", ""品牌"": ""other/其他"", ""型号"": ""30卡式按键"", ""颜色分类"": ""30#透明卡式黑色按键10个,30#透明卡式黄色按键10个,30#透明卡式绿色按键10个,30#全透明卡式色按键10个,30#透明卡式蓝色按键10个,30#透明卡式红色按键10个,30#透明卡式白色按键10个""}","2026-07-09 18:01:52","success",""
"taobao","533705555447","游戏机按钮","https://item.taobao.com/item.htm?abbucket=7&id=533705555447&mi_id=0000tdp-rEBbcRQt8uxln9J7LzgE-FbA08OYywsha5p8HRU&ns=1&priceTId=2147850917835908448622990e0fe9&skuId=3275010381055&spm=a21n57.1.item.3&utparam=%7B%22aplus_abtest%22%3A%225f79721ccd8cca80341e82a5fa8c101b%22%7D&xxc=taobaoSearch","100mm自复位按键抢答器好声音挑战10秒按钮游戏机开关10cm特大号 12-60岁 按钮 投币","100mm自复位按键抢答器好声音挑战10秒按钮游戏机开关10cm特大号","¥ 6","￥6.99","粤巨星1号店","https://store.taobao.com/category.htm?appUid=RAzN8HWUh6Sbf89qNyTNx5GqNxJT8C651uyinxFwCUGTy9KbgLZ&spm=a21n57.1.item.3","广东","付款","https://g-search1.alicdn.com/img/bao/uploaded/i4/i1/458271031/O1CN01mxsVYI1JUFFupYCDI_!!458271031.jpg_460x460q90.jpg_.webp","100mm","漫京星","按钮","投币","动漫","","中国大陆","儿童乐园","12-60岁","娃娃机","男女通用","{""适用性别"": ""男女通用"", ""产地"": ""中国大陆"", ""品牌"": ""漫京星"", ""适用场景"": ""儿童乐园"", ""适用年龄段"": ""12-60岁"", ""设备种类"": ""娃娃机"", ""型号"": ""100mm"", ""支付方式"": ""投币"", ""控制系统"": ""按钮"", ""主题风格"": ""动漫""}","2026-07-09 18:01:52","success",""
"taobao","871173048265","游戏机摇杆","https://detail.tmall.com/item.htm?abbucket=7&id=871173048265&mi_id=0000IgOoEn7DM39Ab4GyFbl1gXJio1wuPyHrclPcF0-u0QE&ns=1&priceTId=2147850917835908555893659e0fe9&skuId=6148704238103&spm=a21n57.1.item.2&utparam=%7B%22aplus_abtest%22%3A%224045089fb000c0521288efeb64102ec2%22%7D&xxc=taobaoSearch","潘多拉王牌摇杆街机游戏机连接电视家用格斗怀旧双人月光一体无线电竞宝盒王便携带屏幕折叠2026新款手柄 1080p 中国大陆 HDMI 2.1","潘多拉王牌摇杆街机游戏机连接电视家用格斗怀旧双人月光一体无线电竞宝盒王便携带屏幕折叠2026新款手柄-tmall.com天猫","¥ 260","店铺优惠后￥260优惠前￥296","潘多拉王牌旗舰店","https://store.taobao.com/category.htm?appUid=RAzN8HWX9LEfEmooREAZ1WJAvwfTjpeV7Wpp39wu8ZkTGe8JBKo&spm=a21n57.1.item.2","广东","付款","https://g-search3.alicdn.com/img/bao/uploaded/i4/i3/2218811835597/O1CN01YU4fvF1rDTrig8nTB_!!4611686018427380941-0-item_pic.jpg_460x460q90.jpg_.webp","PDL-687","潘多拉王牌","","","","【全部发顺丰】天猫店 售后有保障 【品牌声明】购买认准唯一官方旗舰店 【行业荣誉4榜单】为用户提供优选摇杆街机 【冠军推荐】品质甄选 董鎏莹推荐 潘多拉电竞X3【3.2万款游戏】全部顺丰速发 潘多拉电竞X3带2个有线手柄⭐认准天猫⭐ ✅顶配潘多拉电竞X5【3.5万游戏+改版游戏+存档连发】⭐ ✅顶配潘多拉电竞X5【改版游戏+存档连发】+有线手柄 ✅顶配潘多拉电竞X5【改版游戏+存档连发】+无线手柄 ✅顶配潘多拉电竞X5+装赛级摇杆 ✅顶配潘多拉电竞X5+无线手柄+装赛级摇杆 顶配-潘多拉电竞X5+无线手柄+装赛级摇杆按键 【以下为WIFI款 可下载游戏】 ✅顶配潘多拉闪电WIFI【2万游戏+可WIFI下载游戏】 顶配潘多拉闪电WIFI【2万游戏+可WIFI下载游戏】+无线手柄 顶配潘多拉闪电WIFI+无线手柄+装赛级摇杆 顶配闪电WIFI+无线手柄+装赛级摇杆按键 顶配-超清-潘多拉王牌WIFI【2.3万游戏+可WIFI下载游戏】 顶配-超清-潘多拉王牌WIFI【2.3万游戏+可WIFI下载游戏】+无线手柄 顶配-超清-潘多拉王牌WIFI+无线手柄+装赛级摇杆 顶配-超清-潘多拉王牌WIFI+无线手柄+装赛级摇杆按键 【以下为无线摇杆】 【✅无线摇杆-一体】顶配电竞X7【自带3万游戏】 【无线摇杆-一体】顶配电竞X7自带3万游戏】+无线手柄 【无线摇杆-一体】顶配电竞X7+无线手柄-装赛级摇杆 【无线摇杆-一体】顶配电竞X7+无线手柄-装赛级摇杆按键 【✅无线摇杆-分体】顶配潘多拉电竞X7【3万游戏+改版游戏+存档连发】 【无线摇杆-分体】顶配潘多拉电竞X7【3万游戏+改版游戏+存档连发】+无线手柄 【无线摇杆-分体】顶配潘多拉电竞X7+无线手柄-装赛级摇杆 【无线摇杆-分体】顶配潘多拉电竞X7+无线手柄-装赛级摇杆按键 【以下为分体机】 分体顶配-潘多拉电竞X5【3.5万游戏+存档连发+新增改版游戏】 分体-顶配潘多拉电竞X5【3.5万游戏+改版游戏+存档连发】+有线手柄 分体顶配-潘多拉电竞X5【3.5万游戏+存档连发+新增改版游戏】带无线手柄 分体-顶配潘多拉电竞X5+无线手柄+装赛级摇杆 分体-顶配潘多拉闪电WIFI【2万游戏+可WIFI下载游戏】 分体-顶配潘多拉闪电WIFI【2万游戏+可WIFI下载游戏】+有线手柄 分体-顶配潘多拉闪电WIFI【2万游戏+可WIFI下载游戏】+无线手柄 分体-闪电WIFI+无线手柄+装赛级摇杆 分体-顶配潘多拉闪电WIFI+无线手柄+赛级摇杆按键 分体-顶配-超清-潘多拉王牌WIFI【2.3万游戏+可WIFI下载游戏】 分体-顶配-超清-潘多拉王牌WIFI【2.3万游戏】+有线手柄 分体-顶配-超清-潘多拉王牌WIFI【可WIFI下载游戏】+无线手柄 分体-顶配-超清-潘多拉王牌WIFI+无线手柄+赛级摇杆 分体-顶配-超清-潘多拉王牌WIFI+无线手柄+装赛级摇杆按键 单人机","","","","","","{""品牌"": ""潘多拉王牌"", ""型号"": ""PDL-687"", ""颜色分类"": ""【全部发顺丰】天猫店 售后有保障 【品牌声明】购买认准唯一官方旗舰店 【行业荣誉4榜单】为用户提供优选摇杆街机 【冠军推荐】品质甄选 董鎏莹推荐 潘多拉电竞X3【3.2万款游戏】全部顺丰速发 潘多拉电竞X3带2个有线手柄⭐认准天猫⭐ ✅顶配潘多拉电竞X5【3.5万游戏+改版游戏+存档连发】⭐ ✅顶配潘多拉电竞X5【改版游戏+存档连发】+有线手柄 ✅顶配潘多拉电竞X5【改版游戏+存档连发】+无线手柄 ✅顶配潘多拉电竞X5+装赛级摇杆 ✅顶配潘多拉电竞X5+无线手柄+装赛级摇杆 顶配-潘多拉电竞X5+无线手柄+装赛级摇杆按键 【以下为WIFI款 可下载游戏】 ✅顶配潘多拉闪电WIFI【2万游戏+可WIFI下载游戏】 顶配潘多拉闪电WIFI【2万游戏+可WIFI下载游戏】+无线手柄 顶配潘多拉闪电WIFI+无线手柄+装赛级摇杆 顶配闪电WIFI+无线手柄+装赛级摇杆按键 顶配-超清-潘多拉王牌WIFI【2.3万游戏+可WIFI下载游戏】 顶配-超清-潘多拉王牌WIFI【2.3万游戏+可WIFI下载游戏】+无线手柄 顶配-超清-潘多拉王牌WIFI+无线手柄+装赛级摇杆 顶配-超清-潘多拉王牌WIFI+无线手柄+装赛级摇杆按键 【以下为无线摇杆】 【✅无线摇杆-一体】顶配电竞X7【自带3万游戏】 【无线摇杆-一体】顶配电竞X7自带3万游戏】+无线手柄 【无线摇杆-一体】顶配电竞X7+无线手柄-装赛级摇杆 【无线摇杆-一体】顶配电竞X7+无线手柄-装赛级摇杆按键 【✅无线摇杆-分体】顶配潘多拉电竞X7【3万游戏+改版游戏+存档连发】 【无线摇杆-分体】顶配潘多拉电竞X7【3万游戏+改版游戏+存档连发】+无线手柄 【无线摇杆-分体】顶配潘多拉电竞X7+无线手柄-装赛级摇杆 【无线摇杆-分体】顶配潘多拉电竞X7+无线手柄-装赛级摇杆按键 【以下为分体机】 分体顶配-潘多拉电竞X5【3.5万游戏+存档连发+新增改版游戏】 分体-顶配潘多拉电竞X5【3.5万游戏+改版游戏+存档连发】+有线手柄 分体顶配-潘多拉电竞X5【3.5万游戏+存档连发+新增改版游戏】带无线手柄 分体-顶配潘多拉电竞X5+无线手柄+装赛级摇杆 分体-顶配潘多拉闪电WIFI【2万游戏+可WIFI下载游戏】 分体-顶配潘多拉闪电WIFI【2万游戏+可WIFI下载游戏】+有线手柄 分体-顶配潘多拉闪电WIFI【2万游戏+可WIFI下载游戏】+无线手柄 分体-闪电WIFI+无线手柄+装赛级摇杆 分体-顶配潘多拉闪电WIFI+无线手柄+赛级摇杆按键 分体-顶配-超清-潘多拉王牌WIFI【2.3万游戏+可WIFI下载游戏】 分体-顶配-超清-潘多拉王牌WIFI【2.3万游戏】+有线手柄 分体-顶配-超清-潘多拉王牌WIFI【可WIFI下载游戏】+无线手柄 分体-顶配-超清-潘多拉王牌WIFI+无线手柄+赛级摇杆 分体-顶配-超清-潘多拉王牌WIFI+无线手柄+装赛级摇杆按键 单人机""}","2026-07-09 18:01:52","success",""
"taobao","785619597434","游戏机摇杆","https://item.taobao.com/item.htm?abbucket=7&id=785619597434&mi_id=0000tv9v42xVxA2UKVp_2yYJcd8oh2z_jyermbmYtMWbRKU&ns=1&priceTId=2147850917835908555893659e0fe9&skuId=5363061252158&spm=a21n57.1.item.3&utparam=%7B%22aplus_abtest%22%3A%22f43f37e3f7da84e05a27b0a89c9be929%22%7D&xxc=taobaoSearch","打鱼退烟礼品机娃娃机精品机水晶球七彩游戏机配件一体摇杆吉扬 14岁以上 娃娃机 男女通用","打鱼退烟礼品机娃娃机精品机水晶球七彩游戏机配件一体摇杆吉扬","¥ 16","平台加补后￥16.49优惠前￥17","广喜动漫游戏配件经营部","https://store.taobao.com/category.htm?appUid=RAzN8HWJNsUgxiPZQH5B7oiG9HjayEvLG8YviofnuPyKssvdM3q&spm=a21n57.1.item.3","广东","付款","https://g-search2.alicdn.com/img/bao/uploaded/i4/i4/2216783466077/O1CN01DjWTBH1ulJqC3T9j0_!!2216783466077.jpg_460x460q90.jpg_.webp","一体七彩摇杆","吉扬","","","","椭圆球一体摇杆（底部卡式固定）,椭圆球一体摇杆（底部螺丝固定）,连体球一体摇杆（底部卡式固定）,连体球一体摇杆（底部螺丝固定,短杆【精品机专用】一体摇杆（底部卡式固定）,短杆【精品机专用】一体摇杆（底部螺母固定）,椭圆球一体摇杆（卡式固定）银触点微动,椭圆球一体摇杆（底螺母固定）银触点微动,连体球一体摇杆（卡式固定）银触点微动,连体球一体摇杆（螺丝固定）银触点微动,短杆【精品机专用】一体摇杆（卡式固定）银触点微动,短杆【精品机专用】一体摇杆（螺丝固定）银触点微动","","","14岁以上","娃娃机","男女通用","{""适用性别"": ""男女通用"", ""品牌"": ""吉扬"", ""适用年龄段"": ""14岁以上"", ""设备种类"": ""娃娃机"", ""型号"": ""一体七彩摇杆"", ""颜色分类"": ""椭圆球一体摇杆（底部卡式固定）,椭圆球一体摇杆（底部螺丝固定）,连体球一体摇杆（底部卡式固定）,连体球一体摇杆（底部螺丝固定,短杆【精品机专用】一体摇杆（底部卡式固定）,短杆【精品机专用】一体摇杆（底部螺母固定）,椭圆球一体摇杆（卡式固定）银触点微动,椭圆球一体摇杆（底螺母固定）银触点微动,连体球一体摇杆（卡式固定）银触点微动,连体球一体摇杆（螺丝固定）银触点微动,短杆【精品机专用】一体摇杆（卡式固定）银触点微动,短杆【精品机专用】一体摇杆（螺丝固定）银触点微动""}","2026-07-09 18:01:52","success",""
"taobao","639346865354","游戏机主板","https://item.taobao.com/item.htm?abbucket=7&id=639346865354&mi_id=00007X5HUlcUjHKNJBp5Hed-24XF5ygMOZqeHLZzmU1IChk&ns=1&priceTId=2147850917835908662424366e0fe9&skuId=4905496541829&spm=a21n57.1.item.1&utparam=%7B%22aplus_abtest%22%3A%22508464ce50fac604bd6691c1e842b337%22%7D&xxc=taobaoSearch","月光宝盒潘多拉街机家用游戏机摇杆投币商用格斗机主板基板拳皇97 6-99岁 男女通用","月光宝盒潘多拉街机家用游戏机摇杆投币商用格斗机主板基板拳皇97","¥ 88","￥88","怀旧游戏机","https://store.taobao.com/category.htm?appUid=RAzN8HAodUgsfoRzpaSQPAn1jXg3D&spm=a21n57.1.item.1","山东","付款","https://g-search3.alicdn.com/img/bao/uploaded/i4/i4/16016516/O1CN01xQcl091y0NfHt5f2C_!!16016516.png_460x460q90.jpg_.webp","电竞宝盒","月光宝盒潘多拉","无","","","主板内存卡修复-32G,主板内存卡修复-64G,无线双人游戏棒,潘多拉28S,月光电竞宝盒H3-10000,潘多拉之星-H3延迟低改版多,潘多拉DX-延迟低画质好,潘多拉DX+28插转换线,电竞宝盒DX10000游戏(R15芯片),战霸潘多拉（H3芯片),潘多拉3D双人无线套餐,潘多拉3DWIFI（812-720p）,潘多拉电竞盒1080P,潘多拉3D-812芯片铁拳56,diy套餐,3288-64","中国大陆","","6-99岁","其他","男女通用","{""适用性别"": ""男女通用"", ""产地"": ""中国大陆"", ""品牌"": ""月光宝盒潘多拉"", ""适用年龄段"": ""6-99岁"", ""型号"": ""电竞宝盒"", ""设备种类"": ""其他"", ""控制系统"": ""无"", ""颜色分类"": ""主板内存卡修复-32G,主板内存卡修复-64G,无线双人游戏棒,潘多拉28S,月光电竞宝盒H3-10000,潘多拉之星-H3延迟低改版多,潘多拉DX-延迟低画质好,潘多拉DX+28插转换线,电竞宝盒DX10000游戏(R15芯片),战霸潘多拉（H3芯片),潘多拉3D双人无线套餐,潘多拉3DWIFI（812-720p）,潘多拉电竞盒1080P,潘多拉3D-812芯片铁拳56,diy套餐,3288-64""}","2026-07-09 18:01:52","success",""
"taobao","766078071245","游戏机主板","https://item.taobao.com/item.htm?abbucket=7&id=766078071245&mi_id=00008LlP7DP8mDqLbfQv9jDGt54D4TiIvNmGTjvWgh2ezUY&ns=1&priceTId=2147850917835908662424366e0fe9&skuId=5268370477775&spm=a21n57.1.item.2&utparam=%7B%22aplus_abtest%22%3A%2298d84e892c2704895ab01e9761feff77%22%7D&xxc=taobaoSearch","维修月光宝盒游戏机主板节目板.潘多拉游戏板.不开机没有游戏黑屏 4-20岁 安桌 街机","维修月光宝盒游戏机主板节目板.潘多拉游戏板.不开机没有游戏黑屏","¥ 35","￥35","8年老店 华之盛电子动漫","https://store.taobao.com/category.htm?appUid=RAzN8HWQjo8ivrGvA61xhdwUm4KFN9PBi8BqHm93qtCAzsuazUv&spm=a21n57.1.item.2","广东","付款","https://g-search3.alicdn.com/img/bao/uploaded/i4/i1/3169591158/O1CN01kX3nlu1KQPZEj9gTY_!!3169591158.jpg_460x460q90.jpg_.webp","HS-2365899","华之盛动漫","安桌","","","内存卡4-8G内维修费,内存卡16-32G维修费,内存卡64G维修费","","","4-20岁","街机","男女通用","{""适用性别"": ""男女通用"", ""品牌"": ""华之盛动漫"", ""适用年龄段"": ""4-20岁"", ""设备种类"": ""街机"", ""型号"": ""HS-2365899"", ""控制系统"": ""安桌"", ""颜色分类"": ""内存卡4-8G内维修费,内存卡16-32G维修费,内存卡64G维修费""}","2026-07-09 18:01:52","success",""
"taobao","807430082882","游戏机电源","https://item.taobao.com/item.htm?abbucket=7&id=807430082882&mi_id=0000BaEJ7jSPYAsH0NGjG034PFgXT-PwGhSXMNhLHOBHHoI&ns=1&priceTId=2147850917835908771204937e0fe9&skuId=5487381632358&spm=a21n57.1.item.2&utparam=%7B%22aplus_abtest%22%3A%2263779b28ef20fd78e9deae5f7ca91877%22%7D&xxc=taobaoSearch","游戏机电源盒YXSP100电玩游戏机鱼机配件儿童格斗机火牛变压器 14岁以上 男女通用","游戏机电源盒YXSP100电玩游戏机鱼机配件儿童格斗机火牛变压器","¥ 25","￥25","13年老店 巨力电玩配件总汇","https://store.taobao.com/category.htm?appUid=RAzN8HWKiTGsAcKMtHHdLgVMW4JGihNX4WXPZYTFYSK3XQBqP8p&spm=a21n57.1.item.2","广东","付款","https://g-search3.alicdn.com/img/bao/uploaded/i4/i4/1043293539/O1CN01n9WotM1c0udv3pgSL_!!1043293539.jpg_460x460q90.jpg_.webp","SP100","巨力游侠","","","","永兴SP100电源盒","","","14岁以上","其他","男女通用","{""适用性别"": ""男女通用"", ""品牌"": ""巨力游侠"", ""适用年龄段"": ""14岁以上"", ""型号"": ""SP100"", ""设备种类"": ""其他"", ""颜色分类"": ""永兴SP100电源盒""}","2026-07-09 18:01:52","success",""
"taobao","708462626829","游戏机电源","https://item.taobao.com/item.htm?abbucket=7&id=708462626829&mi_id=0000dm9-R3pkErcwjc4jLUkubnR582qQidzrryI8ilWyKhA&ns=1&priceTId=2147850917835908771204937e0fe9&skuId=4970665072011&spm=a21n57.1.item.3&utparam=%7B%22aplus_abtest%22%3A%222989d8a974b07f20a59f9b786ee96592%22%7D&xxc=taobaoSearch","适用月光宝盒潘多拉家用街机摇杆游戏机配件 电源适配器 12V","适用月光宝盒潘多拉家用街机摇杆游戏机配件 电源适配器 12V","¥ 13","￥13","12年老店 专业配充电器电源适配器","https://store.taobao.com/category.htm?appUid=RAzN8HWXcTj5AdSVN97ngYq1WppzabkBvFd3AFeBRcW8NL17z35&spm=a21n57.1.item.3","广东","付款","https://g-search1.alicdn.com/img/bao/uploaded/i4/i4/1969193766/O1CN01KHxf6n1dgsPHLLreK_!!1969193766.jpg_460x460q90.jpg_.webp","12V","AC","","","","12V2A(1米线),12V2A(2米线),12V2A(3米线),12V3A(1.5米线)双线一体款,12V5A(1.8米线)分体款","","","","","","{""品牌"": ""AC"", ""型号"": ""12V"", ""颜色分类"": ""12V2A(1米线),12V2A(2米线),12V2A(3米线),12V3A(1.5米线)双线一体款,12V5A(1.8米线)分体款""}","2026-07-09 18:01:52","success",""
"taobao","637404967689","游戏机灯条","https://item.taobao.com/item.htm?abbucket=7&id=637404967689&mi_id=0000nHXpAqUSTh8iW_cb8pBu9CbC2eL6jTsQ0bbxa9HpOTY&ns=1&priceTId=2147850917835908876465612e0fe9&skuId=4736797662796&spm=a21n57.1.item.2&utparam=%7B%22aplus_abtest%22%3A%2203fd68b1c637a37afc83508f2f981737%22%7D&xxc=taobaoSearch","LED电脑机箱灯带12V灯条 12v主板同步遥控幻彩变色DIY呼吸灯RGB 2021-01-19 冷硕","LED电脑机箱灯带12V灯条 12v主板同步遥控幻彩变色DIY呼吸灯RGB","¥ 5","￥5.9","礼游电脑配件","https://store.taobao.com/category.htm?appUid=RAzN8HWYEf5cQueoBJHaGnCgiJYpaqaW1qU5HQnybAGfjo9nCG6&spm=a21n57.1.item.2","广东","付款","https://g-search3.alicdn.com/img/bao/uploaded/i4/i2/1047392738/O1CN01AOUtwb1W635KPq4wW_!!1047392738.jpg_460x460q90.jpg_.webp","","冷硕","","","","70cm带主板转接线同比AURA","","","","","","{""品牌"": ""冷硕"", ""颜色分类"": ""70cm带主板转接线同比AURA""}","2026-07-09 18:01:52","success",""
"taobao","599795403957","游戏机灯条","https://item.taobao.com/item.htm?abbucket=7&id=599795403957&mi_id=0000FLIWcZ0RiqCSk-EqoD09XzrN40YHVxSsoGSvP8zKY1M&ns=1&priceTId=2147850917835908876465612e0fe9&skuId=4352741810145&spm=a21n57.1.item.3&utparam=%7B%22aplus_abtest%22%3A%2238bd23821a6708a2e206a2ee48c83f6f%22%7D&xxc=taobaoSearch","娃娃机LED灯板顶灯12V抓烟机夹公仔PP虎游戏机灯管配件发光灯条 10岁 男女通用","娃娃机LED灯板顶灯12V抓烟机夹公仔PP虎游戏机灯管配件发光灯条","¥ 9","￥9.9","回头客1万 小蜜蜂动漫游戏配件总汇","https://store.taobao.com/category.htm?appUid=RAzN8HWLWWcVcju1FdBbLEVPnKkkP45dCuSGm1MzgrmHuroqnxL&spm=a21n57.1.item.3","广东","付款","https://g-search3.alicdn.com/img/bao/uploaded/i4/i3/2012212089/O1CN01ahiHPK1RInvf0OdtW_!!2012212089.jpg_460x460q90.jpg_.webp","12v灯条","广州小蜜蜂动漫游乐","","","","12v灯条一根（50cm),迷你娃娃机12V灯板","","","13岁,10岁,14岁,12岁,9岁,6岁,8岁,5岁,7岁,11岁","","男女通用","{""适用性别"": ""男女通用"", ""品牌"": ""广州小蜜蜂动漫游乐"", ""适用年龄段"": ""13岁,10岁,14岁,12岁,9岁,6岁,8岁,5岁,7岁,11岁"", ""型号"": ""12v灯条"", ""颜色分类"": ""12v灯条一根（50cm),迷你娃娃机12V灯板""}","2026-07-09 18:01:52","success",""
"taobao","1040116765489","游戏机信号线","https://item.taobao.com/item.htm?abbucket=7&id=1040116765489&mi_id=0000IWIM1dqVhSEoPAdjuGKIXQEdbMDRLW6UuhZ-UW6fDIQ&ns=1&priceTId=2147850917835908983236185e0fe9&skuId=6223798695157&spm=a21n57.1.item.2&utparam=%7B%22aplus_abtest%22%3A%22973924a24e0d9a0bf330907a243a3e5b%22%7D&xxc=taobaoSearch","彩票机双头线高纯度铜芯游艺机配件电玩游戏机零延迟娱乐信号稳传 6-90岁 微电脑 铜","彩票机双头线高纯度铜芯游艺机配件电玩游戏机零延迟娱乐信号稳传","¥ 12","￥12","12年老店 广州铭盛科技","https://store.taobao.com/category.htm?appUid=RAzN8HWKk3sRoDXjQuM39YjpCDy4FPwFV6NgEUdjTohUR1TMEZ7&spm=a21n57.1.item.2","广东","付款","https://g-search3.alicdn.com/img/bao/uploaded/i4/i2/474375678/O1CN01fvCXFG1roZzZZsAhC_!!474375678.png_460x460q90.jpg_.webp","旭漫盛","旭漫盛","微电脑","","游艺机配件","彩票机双头线","广州番禺","通用","6-90岁","其他","","{""产地"": ""广州番禺"", ""品牌"": ""旭漫盛"", ""适用场景"": ""通用"", ""适用年龄段"": ""6-90岁"", ""型号"": ""旭漫盛"", ""设备种类"": ""其他"", ""控制系统"": ""微电脑"", ""主题风格"": ""游艺机配件"", ""颜色分类"": ""彩票机双头线""}","2026-07-09 18:01:52","success",""
"taobao","845251248397","游戏机信号线","https://item.taobao.com/item.htm?abbucket=7&id=845251248397&mi_id=0000Fw9r2IV1pNplBF1KXmxpT7E818JWAKwCiB2Rul4oU90&ns=1&priceTId=2147850917835908983236185e0fe9&skuId=5622918856184&spm=a21n57.1.item.3&utparam=%7B%22aplus_abtest%22%3A%22e961b338d9aef74dc857cc8aa23ba656%22%7D&xxc=taobaoSearch","月光宝盒潘多拉拳皇街机摇杆分体游戏机连接线正负机连接线信号线 7岁 男女通用","月光宝盒潘多拉拳皇街机摇杆分体游戏机连接线正负机连接线信号线","¥ 38","平台加补后￥38.8优惠前￥40","9年老店 新娱动漫","https://store.taobao.com/category.htm?appUid=RAzN8HWLeKtW851977y98BNNyzKxgmuYE5xmoKTSxc82w7wXsGJ&spm=a21n57.1.item.3","广东","付款","https://g-search1.alicdn.com/img/bao/uploaded/i4/i3/3087023182/O1CN01GP2ri71ZNPJXG2UVv_!!3087023182.jpg_460x460q90.jpg_.webp","001","晶华","","","","分体正负机连接线长度1.5米","","","4岁,10岁,14岁,9岁,6岁,8岁,3岁,5岁,7岁,11岁","其他","男女通用","{""适用性别"": ""男女通用"", ""品牌"": ""晶华"", ""适用年龄段"": ""4岁,10岁,14岁,9岁,6岁,8岁,3岁,5岁,7岁,11岁"", ""型号"": ""001"", ""设备种类"": ""其他"", ""颜色分类"": ""分体正负机连接线长度1.5米""}","2026-07-09 18:01:52","success",""
"taobao","641422503399","游戏机喇叭","https://item.taobao.com/item.htm?abbucket=7&id=641422503399&mi_id=0000XLc7ygJTtVxG6H5K4eXKYa3ZQkCFP1BDXWa5cGwwegg&ns=1&priceTId=2147850917835909091566750e0fe9&skuId=4608716253346&spm=a21n57.1.item.2&utparam=%7B%22aplus_abtest%22%3A%227fa08a8564ec2b94d8d52b91ac3b98f0%22%7D&xxc=taobaoSearch","游戏机喇叭娃娃机摇摇车月光宝盒拳皇格斗机拍乐方形4寸防水喇叭 14岁 男女通用","游戏机喇叭娃娃机摇摇车月光宝盒拳皇格斗机拍乐方形4寸防水喇叭","¥ 2","￥2.2","8年老店 广州托马斯动漫科技","https://store.taobao.com/category.htm?appUid=RAzN8HAnJirQtUQHScYL6CU4m5tRe&spm=a21n57.1.item.2","广东","付款","https://g-search2.alicdn.com/img/bao/uploaded/i4/i3/16916945/O1CN01Lv6gxh21ArLZLp8Cu_!!16916945.jpg_460x460q90.jpg_.webp","喇叭","托马斯","","","","小磁铁喇叭,大磁铁喇叭,防水大磁铁喇叭","中国大陆","","14岁","其他","男女通用","{""适用性别"": ""男女通用"", ""产地"": ""中国大陆"", ""品牌"": ""托马斯"", ""适用年龄段"": ""14岁"", ""型号"": ""喇叭"", ""颜色分类"": ""小磁铁喇叭,大磁铁喇叭,防水大磁铁喇叭"", ""设备种类"": ""其他""}","2026-07-09 18:01:52","success",""
"taobao","558034550208","游戏机喇叭","https://item.taobao.com/item.htm?abbucket=7&id=558034550208&mi_id=00003R0JZDiYPK06nZn0fXPD0B_NI8PdpwyVjOfcqyDdkAA&ns=1&priceTId=2147850917835909091566750e0fe9&skuId=4859922152278&spm=a21n57.1.item.3&utparam=%7B%22aplus_abtest%22%3A%2257b5630ac4dfe09f97c73a10cb848d88%22%7D&xxc=taobaoSearch","月光宝盒篮球机喇叭儿童亲子电玩室内格斗街机拍拍乐游戏喇叭配件 14岁以上 男女通用","月光宝盒篮球机喇叭儿童亲子电玩室内格斗街机拍拍乐游戏喇叭配件","¥ 4","￥4","9年老店 广州辰辉动漫科技","https://store.taobao.com/category.htm?appUid=RAzN8HWXukgGFypVq4DSeqiWExzzDYZ2QGiZVWUcSUqyo9H7Jad&spm=a21n57.1.item.3","广东","付款","https://g-search1.alicdn.com/img/bao/uploaded/i4/i3/3039069791/O1CN01nnZsQW2MCKdoNBv5p_!!3039069791.jpg_460x460q90.jpg_.webp","游戏机喇叭","OTHER","","","","防水喇叭8欧15W,椭圆喇叭,豪华喇叭8欧15W,普通喇叭,大磁8欧5W,高磁8欧15W喇叭,8欧30W","","","14岁以上","其他","男女通用","{""适用性别"": ""男女通用"", ""适用年龄段"": ""14岁以上"", ""品牌"": ""OTHER"", ""型号"": ""游戏机喇叭"", ""设备种类"": ""其他"", ""颜色分类"": ""防水喇叭8欧15W,椭圆喇叭,豪华喇叭8欧15W,普通喇叭,大磁8欧5W,高磁8欧15W喇叭,8欧30W""}","2026-07-09 18:01:52","success",""
"taobao","563209485588","游戏机功放","https://item.taobao.com/item.htm?abbucket=7&id=563209485588&mi_id=0000PZNn4gw9Y2Iz7quzxhRfVY24ATlvdwMvXqcSTe_iTZs&ns=1&priceTId=2147850917835909198277560e0fe9&skuId=4946142454223&spm=a21n57.1.item.2&utparam=%7B%22aplus_abtest%22%3A%22d0489379aa3f28cf6ab90f3c7b1a3983%22%7D&xxc=taobaoSearch","WM-333游戏机功放高品质功率声音放大器12V模拟机格斗枪机功放盒 14岁以上 男女通用","WM-333游戏机功放高品质功率声音放大器12V模拟机格斗枪机功放盒","¥ 38","￥38","9年老店 广州辰辉动漫科技","https://store.taobao.com/category.htm?appUid=RAzN8HWXukgGFypVq4DSeqiWExzzDYZ2QGiZVWUcSUqyo9H7Jad&spm=a21n57.1.item.2","广东","付款","https://g-search3.alicdn.com/img/bao/uploaded/i4/i1/3039069791/O1CN010jpMlY2MCKbZ7RQHY_!!3039069791.jpg_460x460q90.jpg_.webp","WM-333","OTHER","","","","功放带音频线","中国大陆","","14岁以上","其他","男女通用","{""适用性别"": ""男女通用"", ""产地"": ""中国大陆"", ""适用年龄段"": ""14岁以上"", ""品牌"": ""OTHER"", ""型号"": ""WM-333"", ""设备种类"": ""其他"", ""颜色分类"": ""功放带音频线""}","2026-07-09 18:01:52","success",""
"taobao","911657269972","游戏机功放","https://item.taobao.com/item.htm?abbucket=7&id=911657269972&mi_id=00006ucQHySSZAJngo25mJr7VERGmJe7Ij4A7lbXAVt4vJg&ns=1&priceTId=2147850917835909198277560e0fe9&skuId=5775551613100&spm=a21n57.1.item.3&utparam=%7B%22aplus_abtest%22%3A%2241be9d739b1d412b479b902269c383c7%22%7D&xxc=taobaoSearch","游戏机12V功放WM-333音频喇叭放大器赛车迷你家用车载音响播放器 高保真音响 12V HIFI功放","游戏机12V功放WM-333音频喇叭放大器赛车迷你家用车载音响播放器","¥ 31","￥31","漫立方动漫游艺配件总店","https://store.taobao.com/category.htm?appUid=RAzN8HWKYYNpVCj5825ToQ4fJxr6S46X2XNquwFJFqRmjZ734w6&spm=a21n57.1.item.3","广东","付款","https://g-search1.alicdn.com/img/bao/uploaded/i4/i3/3971616539/O1CN01QKIHur1yAuvG2mmw5_!!3971616539.jpg_460x460q90.jpg_.webp","WM-333","其他家","","","","WM-333功放,WM-333功放+功放电源线,WM-333功放+功放电源线+约1米音频线","中国大陆","","","","","{""产地"": ""中国大陆"", ""品牌"": ""其他家"", ""型号"": ""WM-333"", ""颜色分类"": ""WM-333功放,WM-333功放+功放电源线,WM-333功放+功放电源线+约1米音频线""}","2026-07-09 18:01:52","success",""
"taobao","604218690320","游戏机门锁","https://item.taobao.com/item.htm?abbucket=7&id=604218690320&mi_id=0000PkphsMBxU4Y9KN9M7E2GPoM0Un6O-xX9tqpaiUszSPw&ns=1&priceTId=2147850917835909306418177e0fe9&skuId=4232954013998&spm=a21n57.1.item.2&utparam=%7B%22aplus_abtest%22%3A%22047f49b093fb5f665a692c2e5d19140a%22%7D&xxc=taobaoSearch","游戏机娃娃机门锁长短锁鱼机摇摇车拍拍乐套牛机箱投币游戏机配件 14岁以上 娃娃机 男女通用","游戏机娃娃机门锁长短锁鱼机摇摇车拍拍乐套牛机箱投币游戏机配件","¥ 10","￥10.9","10年老店 晨光动漫","https://store.taobao.com/category.htm?appUid=RAzN8HWYvP2ihiYTKSXGtKFkZDU4EwsZQgFiVhz9hzGGGs9wSmZ&spm=a21n57.1.item.2","广东","付款","https://g-search3.alicdn.com/img/bao/uploaded/i4/i3/2588570086/O1CN0105UWpW1CVQcgv6pu1_!!2588570086.png_460x460q90.jpg_.webp","长短门锁","晨光配件","","","","长门锁（1锁+1钥匙,短门锁（1锁+1钥匙,长门锁（2锁+1钥匙,短门锁（2锁+1钥匙,长门锁（3锁+1钥匙,短门锁（3锁+1钥匙,长门锁（4锁+2钥匙,短门锁（4锁+2钥匙,长门锁（5锁+2钥匙,短门锁（5锁+2钥匙,长门锁（6锁+3钥匙,短门锁（6锁+3钥匙,长门锁（10锁+5钥匙,短门锁（10锁+5钥匙,长门锁（3锁+2钥匙,短门锁（3锁+2钥匙,长门锁（1锁+2钥匙,短门锁（1锁+2钥匙","中国大陆","","14岁以上","娃娃机","男女通用","{""适用性别"": ""男女通用"", ""产地"": ""中国大陆"", ""品牌"": ""晨光配件"", ""适用年龄段"": ""14岁以上"", ""设备种类"": ""娃娃机"", ""型号"": ""长短门锁"", ""颜色分类"": ""长门锁（1锁+1钥匙,短门锁（1锁+1钥匙,长门锁（2锁+1钥匙,短门锁（2锁+1钥匙,长门锁（3锁+1钥匙,短门锁（3锁+1钥匙,长门锁（4锁+2钥匙,短门锁（4锁+2钥匙,长门锁（5锁+2钥匙,短门锁（5锁+2钥匙,长门锁（6锁+3钥匙,短门锁（6锁+3钥匙,长门锁（10锁+5钥匙,短门锁（10锁+5钥匙,长门锁（3锁+2钥匙,短门锁（3锁+2钥匙,长门锁（1锁+2钥匙,短门锁（1锁+2钥匙""}","2026-07-09 18:01:52","success",""
"taobao","892161772084","游戏机门锁","https://item.taobao.com/item.htm?abbucket=7&id=892161772084&mi_id=0000tnxrvrTqVkkxp4C83ryWrluqPIn1qyrKSxNOEOh0Oxo&ns=1&priceTId=2147850917835909306418177e0fe9&skuId=5904869750329&spm=a21n57.1.item.3&utparam=%7B%22aplus_abtest%22%3A%22eed5d2c55822937e4fa4c2692859c8bc%22%7D&xxc=taobaoSearch","游戏机长门锁 同号通开木机箱柜门锁6086 梅花圆型钥匙娃娃机 14岁以上 娃娃机 男女通用","游戏机长门锁 同号通开木机箱柜门锁6086 梅花圆型钥匙娃娃机","¥ 3","￥3.98","美曦百货大全","https://store.taobao.com/category.htm?appUid=RAzN8HWV3ZMHJNvry7VXptRdKu7AYp7ThDzuh5C6MjWGh2AywhA&spm=a21n57.1.item.3","河南","付款","https://g-search3.alicdn.com/img/bao/uploaded/i4/i2/2212581930044/O1CN01A83Rp41CCCSlH1tqM_!!2212581930044.jpg_460x460q90.jpg_.webp","6086","无品牌","","","","6086钥匙1把【不含锁】,6086短门锁1把【配1把钥匙】,6086长门锁1把【配1把钥匙】","","","14岁以上","娃娃机","男女通用","{""适用性别"": ""男女通用"", ""适用年龄段"": ""14岁以上"", ""设备种类"": ""娃娃机"", ""品牌"": ""无品牌"", ""型号"": ""6086"", ""颜色分类"": ""6086钥匙1把【不含锁】,6086短门锁1把【配1把钥匙】,6086长门锁1把【配1把钥匙】""}","2026-07-09 18:01:52","success",""
"taobao","544519049665","游戏机脚轮","https://item.taobao.com/item.htm?abbucket=7&id=544519049665&mi_id=0000SIc52LwNssDYkCQAXYhlty5r9NAcu_crmhva9YsDDzY&ns=1&priceTId=2147850917835909413878904e0fe9&skuId=3281430908888&spm=a21n57.1.item.2&utparam=%7B%22aplus_abtest%22%3A%22aeb21784946130560ccd4a88d6d58c8c%22%7D&xxc=taobaoSearch","粤巨星动漫配件 JX 100#脚轮 抓娃娃游戏机抓烟机脚轮 带刹车轮子 14岁 娃娃机 男女通用","粤巨星动漫配件 JX 100#脚轮 抓娃娃游戏机抓烟机脚轮 带刹车轮子","¥ 15","￥15","10年老店 粤巨星动漫科技","https://store.taobao.com/category.htm?appUid=RAzN8HWVpd1igMqDf9viS7KJ1EBKNJdKcmbmWxF7e15nTMDyREZ&spm=a21n57.1.item.2","广东","付款","https://g-search3.alicdn.com/img/bao/uploaded/i4/i2/2922916901/TB2ckiQrNRDOuFjSZFzXXcIipXa_!!2922916901.jpg_460x460q90.jpg_.webp","JX-100#","粤钜星","","","","JX-100#不带刹车,JX-100#带刹车","中国大陆","","14岁,13岁","娃娃机","男女通用","{""适用性别"": ""男女通用"", ""产地"": ""中国大陆"", ""品牌"": ""粤钜星"", ""适用年龄段"": ""14岁,13岁"", ""设备种类"": ""娃娃机"", ""型号"": ""JX-100#"", ""颜色分类"": ""JX-100#不带刹车,JX-100#带刹车""}","2026-07-09 18:01:52","success",""
"taobao","696071187937","游戏机脚轮","https://item.taobao.com/item.htm?abbucket=7&id=696071187937&mi_id=0000Y4nqZ97lD0UsIzgq7Jl8qBZM82Ko-A1bKK8-q3p_Kwk&ns=1&priceTId=2147850917835909413878904e0fe9&skuId=5106893086160&spm=a21n57.1.item.3&utparam=%7B%22aplus_abtest%22%3A%22b3330acc4302a19ca93ea02793b27efe%22%7D&xxc=taobaoSearch","游戏机脚轮滚轮娃娃机底部轮字带刹车耐磨电玩游戏机推车移动轮子 14-65岁 游戏机 娃娃机","游戏机脚轮滚轮娃娃机底部轮字带刹车耐磨电玩游戏机推车移动轮子","¥ 7","￥7","回头客1万 小蜜蜂动漫游戏配件总汇","https://store.taobao.com/category.htm?appUid=RAzN8HWLWWcVcju1FdBbLEVPnKkkP45dCuSGm1MzgrmHuroqnxL&spm=a21n57.1.item.3","广东","付款","https://g-search3.alicdn.com/img/bao/uploaded/i4/i1/2012212089/O1CN01FX4n3m1RIoBcymzYd_!!2012212089.jpg_460x460q90.jpg_.webp","99","脚轮","游戏机","","","4寸大脚轮（红色）,3寸红色脚轮,3寸红色脚轮带刹车,2寸黑色大脚轮（万向轮）,2寸黑色大脚轮（直角）,2寸黑色脚轮带刹车,2寸白色简易滚轮","中国大陆","","14-65岁","娃娃机","男女通用","{""适用性别"": ""男女通用"", ""产地"": ""中国大陆"", ""品牌"": ""脚轮"", ""适用年龄段"": ""14-65岁"", ""设备种类"": ""娃娃机"", ""型号"": ""99"", ""控制系统"": ""游戏机"", ""颜色分类"": ""4寸大脚轮（红色）,3寸红色脚轮,3寸红色脚轮带刹车,2寸黑色大脚轮（万向轮）,2寸黑色大脚轮（直角）,2寸黑色脚轮带刹车,2寸白色简易滚轮""}","2026-07-09 18:01:52","success",""
"taobao","613197592585","游戏机微动开关","https://item.taobao.com/item.htm?abbucket=7&id=613197592585&mi_id=0000H0byFqAusGqeBsrp_-ggOLfOSKpP8_WIcABEwSpcX_0&ns=1&priceTId=2147850917835909520991508e0fe9&skuId=4488856006550&spm=a21n57.1.item.2&utparam=%7B%22aplus_abtest%22%3A%228de49b90cc5f90a0724d25f188f36837%22%7D&xxc=taobaoSearch","游戏机微动开关 娃娃机拍拍乐套牛机鱼机发炮手掌按键用精品微动 3-60岁 微动开关 男女通用","游戏机微动开关 娃娃机拍拍乐套牛机鱼机发炮手掌按键用精品微动","¥ 10","￥10","15年老店 兰宇动漫科技","https://store.taobao.com/category.htm?appUid=RAzN8HWbFqRvqpfGqeywVMjkw3W8nj1Wjci1F6J52pJhcv4AuxV&spm=a21n57.1.item.2","广东","付款","https://g-search3.alicdn.com/img/bao/uploaded/i4/i2/503157920/O1CN017E8cPE28NPaenz0Pd_!!503157920.jpg_460x460q90.jpg_.webp","按钮微动开关","兰宇动漫","微动开关","","","5个/精品微动【二足】,10个/精品微动【二足】,20个/精品微动【二足】,30个/精品微动【二足】,40个/精品微动【二足】,50个/精品微动【二足】,100个/精品微动【二足】","","","3-60岁","","男女通用","{""适用性别"": ""男女通用"", ""品牌"": ""兰宇动漫"", ""适用年龄段"": ""3-60岁"", ""型号"": ""按钮微动开关"", ""控制系统"": ""微动开关"", ""颜色分类"": ""5个/精品微动【二足】,10个/精品微动【二足】,20个/精品微动【二足】,30个/精品微动【二足】,40个/精品微动【二足】,50个/精品微动【二足】,100个/精品微动【二足】""}","2026-07-09 18:01:52","success",""
"taobao","613366947563","游戏机微动开关","https://item.taobao.com/item.htm?abbucket=7&id=613366947563&mi_id=0000Y9GdEbgUOu2SyjiBvo2w7dG_8FITAiiFePetqjByD08&ns=1&priceTId=2147850917835909520991508e0fe9&skuId=4487120675561&spm=a21n57.1.item.3&utparam=%7B%22aplus_abtest%22%3A%22e3850b6d310f1c67fff337cbc24f978e%22%7D&xxc=taobaoSearch","微动开关按钮发炮按键通用儿童电玩鱼机拍拍乐耐用优质游戏机配件 12岁 男女通用","微动开关按钮发炮按键通用儿童电玩鱼机拍拍乐耐用优质游戏机配件","¥ 18","￥18","8年老店 小黄鸭电玩配件","https://store.taobao.com/category.htm?appUid=RAzN8HWZxxw1QZkyaEzx4C5wZo5SPTGUNvB3THFsVFUfNt6YC9o&spm=a21n57.1.item.3","广东","付款","https://g-search2.alicdn.com/img/bao/uploaded/i4/i4/3239401307/O1CN01fjDieG1LWeJPvZdzK_!!3239401307.jpg_460x460q90.jpg_.webp","微动开关","游戏机配件","","","","十个ZINGEAR开关（送2个）,二十个ZINGEAR开关（送4个）,五十个ZINGEAR开关（送10个）,100个ZINGEAR开关（送20个）","中国大陆","","12岁,14岁,11岁,13岁","其他","男女通用","{""适用性别"": ""男女通用"", ""产地"": ""中国大陆"", ""品牌"": ""游戏机配件"", ""适用年龄段"": ""12岁,14岁,11岁,13岁"", ""型号"": ""微动开关"", ""颜色分类"": ""十个ZINGEAR开关（送2个）,二十个ZINGEAR开关（送4个）,五十个ZINGEAR开关（送10个）,100个ZINGEAR开关（送20个）"", ""设备种类"": ""其他""}","2026-07-09 18:01:52","success",""
"taobao","613199800007","游戏机插座","https://item.taobao.com/item.htm?abbucket=7&id=613199800007&mi_id=0000wOyWrdt_pPCw0SbIFp2qYEEM9lbcvpygi5wX8n_Sih8&ns=1&priceTId=2147850917835909629212204e0fe9&skuId=4317576784639&spm=a21n57.1.item.2&utparam=%7B%22aplus_abtest%22%3A%22518771d3e5c8ec1705109d2fcb4e419e%22%7D&xxc=taobaoSearch","游戏机三脚接线插口220V 外接三脚电源插头座 品字接口插座包邮 12岁 男女通用","游戏机三脚接线插口220V 外接三脚电源插头座 品字接口插座包邮","¥ 8","￥8","15年老店 兰宇动漫科技","https://store.taobao.com/category.htm?appUid=RAzN8HWbFqRvqpfGqeywVMjkw3W8nj1Wjci1F6J52pJhcv4AuxV&spm=a21n57.1.item.2","广东","付款","https://g-search2.alicdn.com/img/bao/uploaded/i4/i3/503157920/O1CN01STaR3B28NPQchfOvF_!!503157920.jpg_460x460q90.jpg_.webp","三脚插品字接口","兰宇","","","","3个,5个,10个,20个,30个,40个,50个,100个","","","12个月,18个月,2岁,12岁,14岁,4岁,14岁以上,3岁,6岁,5岁,8岁,7岁,11岁,9岁,10岁,13岁","","男女通用","{""适用性别"": ""男女通用"", ""品牌"": ""兰宇"", ""适用年龄段"": ""12个月,18个月,2岁,12岁,14岁,4岁,14岁以上,3岁,6岁,5岁,8岁,7岁,11岁,9岁,10岁,13岁"", ""型号"": ""三脚插品字接口"", ""颜色分类"": ""3个,5个,10个,20个,30个,40个,50个,100个""}","2026-07-09 18:01:52","success",""
"taobao","528076114371","游戏机插座","https://item.taobao.com/item.htm?abbucket=7&id=528076114371&mi_id=0000yavpj4Wxqf2a40Bct54xjlBtKNf49oOrwqGexnUBIHA&ns=1&priceTId=2147850917835909629212204e0fe9&skuId=3142922895374&spm=a21n57.1.item.3&utparam=%7B%22aplus_abtest%22%3A%224b040496a720f9cf8070c4834ae3c759%22%7D&xxc=taobaoSearch","儿童亲子游戏机游艺机格斗机拍拍乐电源4四脚开关品字插头插座 14岁以上 男女通用","儿童亲子游戏机游艺机格斗机拍拍乐电源4四脚开关品字插头插座","¥ 14","平台加补后￥14.41优惠前￥14.85","14年老店 广州鸿泽动漫","https://store.taobao.com/category.htm?appUid=RAzN8HWTb99zH1JGG1LUTNgu8ZEkZwgLPRJnUGSWFUwh4jEFuJq&spm=a21n57.1.item.3","广东","付款","https://g-search1.alicdn.com/img/bao/uploaded/i4/i2/356635038/O1CN01V1Jo7e1n5S5OpYK3i_!!356635038.jpg_460x460q90.jpg_.webp","游艺机配件","游艺机","","","","四角开关（10个）,品字插座（10个）,三孔插座（10个）,二脚开关（10个）,电源插座线（10条）,三脚开关（10个）","中国大陆","","12个月,18个月,2岁,12岁,14岁,4岁,14岁以上,3岁,6岁,5岁,8岁,7岁,11岁,9岁,10岁,13岁","其他","男女通用","{""适用性别"": ""男女通用"", ""产地"": ""中国大陆"", ""品牌"": ""游艺机"", ""适用年龄段"": ""12个月,18个月,2岁,12岁,14岁,4岁,14岁以上,3岁,6岁,5岁,8岁,7岁,11岁,9岁,10岁,13岁"", ""型号"": ""游艺机配件"", ""颜色分类"": ""四角开关（10个）,品字插座（10个）,三孔插座（10个）,二脚开关（10个）,电源插座线（10条）,三脚开关（10个）"", ""设备种类"": ""其他""}","2026-07-09 18:01:52","success",""
"taobao","695021413451","游戏机排插","https://detail.tmall.com/item.htm?abbucket=7&id=695021413451&mi_id=0000fswrUrVV4B1VEHC2mZumM7RZfqtjuWn4Yiv8QCSHpOY&ns=1&priceTId=2147850917835909736052911e0fe9&skuId=5540781638100&spm=a21n57.1.item.2&utparam=%7B%22aplus_abtest%22%3A%22ac4c0387999d43b183b4de59b952b984%22%7D&xxc=taobaoSearch","Trozk特洛克拖线板插排红白机插座桌面电竞排插接线板插线板usb 立方体插线板热卖 榜·第9名 收纳 宿舍用 4插位","Trozk特洛克拖线板插排红白机插座桌面电竞排插接线板插线板usb-tmall.com天猫","¥ 249","店铺优惠后￥249优惠前￥399","5年老店 trozk旗舰店","https://store.taobao.com/category.htm?appUid=RAzN8HWP7CFcKqJV6q6ZyZsyw17QM2A8iTpb1EjebMheYcTJBuq&spm=a21n57.1.item.2","广东","付款","https://g-search3.alicdn.com/img/bao/uploaded/i4/i4/2210517518594/O1CN01xVF3pS2DM6k6jQjj0_!!0-item_pic.jpg_460x460q90.jpg_.webp","TC02","trozk","","","","代写贺卡(须备注或留言提供文字内容） 第二代45W氮化镓快充【赠魔术贴】 收藏加购优先发货","","宿舍用 家用 其他/other 户外","","","","{""功能"": ""收纳"", ""品牌"": ""trozk"", ""型号"": ""TC02"", ""适用场景"": ""宿舍用 家用 其他/other 户外"", ""颜色分类"": ""代写贺卡(须备注或留言提供文字内容） 第二代45W氮化镓快充【赠魔术贴】 收藏加购优先发货""}","2026-07-09 18:01:52","success",""
"taobao","856187846801","游戏机排插","https://detail.tmall.com/item.htm?abbucket=7&id=856187846801&mi_id=0000aYlU5czXO30qXDDW4Ed0rTu0bohHrIeXlIPl4a79ogQ&ns=1&priceTId=2147850917835909736052911e0fe9&skuId=6198390771953&spm=a21n57.1.item.3&utparam=%7B%22aplus_abtest%22%3A%223e4cdfc5b2786b76613578afed14906b%22%7D&xxc=taobaoSearch","公牛插板拖线板电脑专用插排桌面接线板宿舍电竞插座pdu机柜排插 过载保护 机柜PDU 国标","公牛插板拖线板电脑专用插排桌面接线板宿舍电竞插座pdu机柜排插-tmall.com天猫","¥ 62","店铺优惠后￥62.9优惠前￥74","13年老店 公牛宇博专卖店","https://store.taobao.com/category.htm?appUid=RAzN8HWPx75mzDrxtLpnnzhMXLSnofuMqiGe5oWEnLWsGB7Z8sf&spm=a21n57.1.item.3","湖北","付款","https://g-search3.alicdn.com/img/bao/uploaded/i4/i3/1685448034/O1CN01JUpTVT29Dd0ND3WlD_!!4611686018427381090-0-item_pic.jpg_460x460q90.jpg_.webp","P106E","BULL/公牛","","","","★店长推荐★暗夜黑】六插位【过载保护】全长2.02米【送免钉贴.】P106E ★店长推荐★暗夜黑】八插位【过载保护】全长2.11米【送免钉贴.】黑色P108E 暗夜黑】六插位【过载保护】全长3.23米【送免钉贴.】P106E 暗夜黑】八插位【过载保护】全长3.32米【送免钉贴.】黑色P108E 暗夜黑】六插位【过载保护】全长5.23米【送免钉贴.】P106E 暗夜黑】八插位【过载保护】全长5.32米【送免钉贴.】黑色P108E 【防雷黑色+过载保护】六插位-P106ET 全长1.8m【送免钉贴.】 【防雷黑色+过载保护】八插位-P108ET 全长1.8m【送免钉贴.】 暗夜黑】20w快充 六插位-P106EQ20 全长1.8m【送免钉贴.】 暗夜黑】20w快充 八插位-P108EQ20--1.8m【送免钉贴.】 暗夜黑】30w快充 六插位-P106EQ30 全长1.8m【送免钉贴.】 远山灰】30w快充 六插位-P106EQ30 全长1.8m【送免钉贴.】 ★店长推荐★六插位【过载保护】全长2米【送免钉贴.】P106E ★店长推荐★八插位【过载保护】全长2.09米【送免钉贴.】P108E 远山灰】六插位【过载保护】-P106E 全长3.23m【送免钉贴.】 远山灰】六插位【过载保护】-P106E 全长5.23m【送免钉贴.】 远山灰】八插位【过载保护】-P108E 全长3.32m【送免钉贴.】 远山灰】八插位【过载保护】-P108E 全长5.32m【送免钉贴.】 【防雷+过载保护】六插位-P106ET 全长2.02m【送免钉贴.】 【防雷+过载保护】六插位-P106ET 全长3.23m【送免钉贴.】 【防雷+过载保护】六插位-P106ET 全长5.23m【送免钉贴.】 【防雷+过载保护】八插位-P108ET 全长2.09m【送免钉贴.】 【防雷+过载保护】八插位-P108ET 全长3.32m【送免钉贴.】 【防雷+过载保护】八插位-P108ET 全长5.32m【送免钉贴.】 远山灰】20w快充 六插位-P106EQ20 全长2.09m【送免钉贴.】 远山灰】20w快充 六插位-P106EQ20 全长3.32m【送免钉贴.】 远山灰】20w快充 六插位-P106EQ20 全长5.32m【送免钉贴.】 远山灰】20w快充 八插位-P108EQ20--1.8m【送免钉贴.】 【铝合金材质+过载保护.】黑色六插位106E-1.8米 【铝合金材质+过载保护.】黑色八插位108E-1.8米 【暗夜黑】分控-六插位【过载保护】全长2.02米【送免钉贴.】P1063E 【暗夜黑】分控-八插位【过载保护】全长2.11米【送免钉贴.】P1083E 【远山灰】分控-八插位【过载保护】全长2.11米【送免钉贴.】P1083E 【远山灰】分控-六插位【过载保护】全长2.02米【送免钉贴.】P1063E 【桌面立式】黑色8插位【过载保护.】全长1.6米UL1008 【桌面立式USB款】8插位【过载保护.】黑色全长1.6米UL1008U 【桌面立式-20W快充】8插位【过载保护.】全长1.6米UL1008U2 【桌面立式】黑色12插位【过载保护.】全长1.6米UL1012 【桌面立式USB款】12插位【过载保护.】黑色全长1.6米UL1012U 【桌面立式-20W快充12插位【过载保护.】全长1.6米UL1012U2 【桌面立式】黑色16插位【过载保护.】全长1.6米UL1016 【桌面立式USB款】16插位【过载保护.】黑色全长1.6米UL1016U 【桌面立式-20W快充16插位【过载保护.】全长1.6米UL1016U2 【桌面立式】白色8插位【过载保护.】全长1.6米UL1008 【桌面立式USB款】白色8插位【过载保护.】全长1.6米UL1008U 【桌面立式】白色12插位【过载保护.】全长1.6米UL1012 【桌面立式USB款】白色12插位【过载保护.】全长1.6米UL1012U 【桌面立式】白色16插位【过载保护.】全长1.6米UL1016 【桌面立式USB款】白色16插位【过载保护.】全长1.6米UL1016U","","机柜PDU","","","","{""功能"": ""过载保护"", ""品牌"": ""BULL/公牛"", ""型号"": ""P106E"", ""适用场景"": ""机柜PDU"", ""颜色分类"": ""★店长推荐★暗夜黑】六插位【过载保护】全长2.02米【送免钉贴.】P106E ★店长推荐★暗夜黑】八插位【过载保护】全长2.11米【送免钉贴.】黑色P108E 暗夜黑】六插位【过载保护】全长3.23米【送免钉贴.】P106E 暗夜黑】八插位【过载保护】全长3.32米【送免钉贴.】黑色P108E 暗夜黑】六插位【过载保护】全长5.23米【送免钉贴.】P106E 暗夜黑】八插位【过载保护】全长5.32米【送免钉贴.】黑色P108E 【防雷黑色+过载保护】六插位-P106ET 全长1.8m【送免钉贴.】 【防雷黑色+过载保护】八插位-P108ET 全长1.8m【送免钉贴.】 暗夜黑】20w快充 六插位-P106EQ20 全长1.8m【送免钉贴.】 暗夜黑】20w快充 八插位-P108EQ20--1.8m【送免钉贴.】 暗夜黑】30w快充 六插位-P106EQ30 全长1.8m【送免钉贴.】 远山灰】30w快充 六插位-P106EQ30 全长1.8m【送免钉贴.】 ★店长推荐★六插位【过载保护】全长2米【送免钉贴.】P106E ★店长推荐★八插位【过载保护】全长2.09米【送免钉贴.】P108E 远山灰】六插位【过载保护】-P106E 全长3.23m【送免钉贴.】 远山灰】六插位【过载保护】-P106E 全长5.23m【送免钉贴.】 远山灰】八插位【过载保护】-P108E 全长3.32m【送免钉贴.】 远山灰】八插位【过载保护】-P108E 全长5.32m【送免钉贴.】 【防雷+过载保护】六插位-P106ET 全长2.02m【送免钉贴.】 【防雷+过载保护】六插位-P106ET 全长3.23m【送免钉贴.】 【防雷+过载保护】六插位-P106ET 全长5.23m【送免钉贴.】 【防雷+过载保护】八插位-P108ET 全长2.09m【送免钉贴.】 【防雷+过载保护】八插位-P108ET 全长3.32m【送免钉贴.】 【防雷+过载保护】八插位-P108ET 全长5.32m【送免钉贴.】 远山灰】20w快充 六插位-P106EQ20 全长2.09m【送免钉贴.】 远山灰】20w快充 六插位-P106EQ20 全长3.32m【送免钉贴.】 远山灰】20w快充 六插位-P106EQ20 全长5.32m【送免钉贴.】 远山灰】20w快充 八插位-P108EQ20--1.8m【送免钉贴.】 【铝合金材质+过载保护.】黑色六插位106E-1.8米 【铝合金材质+过载保护.】黑色八插位108E-1.8米 【暗夜黑】分控-六插位【过载保护】全长2.02米【送免钉贴.】P1063E 【暗夜黑】分控-八插位【过载保护】全长2.11米【送免钉贴.】P1083E 【远山灰】分控-八插位【过载保护】全长2.11米【送免钉贴.】P1083E 【远山灰】分控-六插位【过载保护】全长2.02米【送免钉贴.】P1063E 【桌面立式】黑色8插位【过载保护.】全长1.6米UL1008 【桌面立式USB款】8插位【过载保护.】黑色全长1.6米UL1008U 【桌面立式-20W快充】8插位【过载保护.】全长1.6米UL1008U2 【桌面立式】黑色12插位【过载保护.】全长1.6米UL1012 【桌面立式USB款】12插位【过载保护.】黑色全长1.6米UL1012U 【桌面立式-20W快充12插位【过载保护.】全长1.6米UL1012U2 【桌面立式】黑色16插位【过载保护.】全长1.6米UL1016 【桌面立式USB款】16插位【过载保护.】黑色全长1.6米UL1016U 【桌面立式-20W快充16插位【过载保护.】全长1.6米UL1016U2 【桌面立式】白色8插位【过载保护.】全长1.6米UL1008 【桌面立式USB款】白色8插位【过载保护.】全长1.6米UL1008U 【桌面立式】白色12插位【过载保护.】全长1.6米UL1012 【桌面立式USB款】白色12插位【过载保护.】全长1.6米UL1012U 【桌面立式】白色16插位【过载保护.】全长1.6米UL1016 【桌面立式USB款】白色16插位【过载保护.】全长1.6米UL1016U""}","2026-07-09 18:01:52","success",""
"taobao","977195035585","游戏机电源线","https://item.taobao.com/item.htm?abbucket=7&id=977195035585&mi_id=00000xpzE9pCK8G4xcIn8PouHijyC5ZoxV6TarKQv9GtACM&ns=1&priceTId=2147850917835909843273514e0fe9&skuId=5934052137011&spm=a21n57.1.item.2&utparam=%7B%22aplus_abtest%22%3A%2298a10ad820211328a6ec72f1bd930fc1%22%7D&xxc=taobaoSearch","适用游戏机电源线外接线娃娃机电源线配件三脚插孔电源连接线 III类需要接地或接零 10A 3m","适用游戏机电源线外接线娃娃机电源线配件三脚插孔电源连接线","¥ 6","平台加补后￥6.44优惠前￥6.5","5年老店 办公家用电源线材配件齐全店","https://store.taobao.com/category.htm?appUid=RAzN8HWVt4jHVjGRv4EPshNdtScN1UgTpkc7AFsL66SKUXzKnoi&spm=a21n57.1.item.2","广东","付款","https://g-search3.alicdn.com/img/bao/uploaded/i4/i4/2211141054402/O1CN01vMaHEe1iOAM12v1Z5_!!2211141054402.jpg_460x460q90.jpg_.webp","","无品牌/无注册商标","","","","黑色品字电源线","","","","","","{""品牌"": ""无品牌/无注册商标"", ""颜色分类"": ""黑色品字电源线""}","2026-07-09 18:01:52","success",""
"taobao","565148050415","游戏机电源线","https://item.taobao.com/item.htm?abbucket=7&id=565148050415&mi_id=0000GdaF5N7sz_7c4has4uXymw-GhMxr6nexg5CZ2asVnG0&ns=1&priceTId=2147850917835909843273514e0fe9&skuId=3741462206276&spm=a21n57.1.item.3&utparam=%7B%22aplus_abtest%22%3A%22278818d2833756e26eb18d843b3c5ec7%22%7D&xxc=taobaoSearch","游戏机电源线外接电源线娃娃机街机格斗机儿童月光宝盒电源线配件 6-14岁 月光 男女通用","游戏机电源线外接电源线娃娃机街机格斗机儿童月光宝盒电源线配件","¥ 8","平台加补后￥8.63优惠前￥8.8","13年老店 广州启程","https://store.taobao.com/category.htm?appUid=RAzN8HWX5h2b7U7iEmvDVyBH5XZJjtPBRfXJcGoLu7WZXyatLcy&spm=a21n57.1.item.3","广东","付款","https://g-search3.alicdn.com/img/bao/uploaded/i4/i3/672901556/O1CN01ymsbHZ1NMh3ekmYsk_!!672901556.jpg_460x460q90.jpg_.webp","006","广州启程动漫","0","","","1.8米电源线一条包邮,3米电源线一条包邮","","","6-14岁","其他","男女通用","{""适用性别"": ""男女通用"", ""品牌"": ""广州启程动漫"", ""适用年龄段"": ""6-14岁"", ""型号"": ""006"", ""设备种类"": ""其他"", ""控制系统"": ""0"", ""颜色分类"": ""1.8米电源线一条包邮,3米电源线一条包邮""}","2026-07-09 18:01:52","success",""
"taobao","670007136157","游戏机马达","https://item.taobao.com/item.htm?abbucket=7&id=670007136157&mi_id=0000qeoFGpoPu89NnefGh-wxtRT7CM1xIkcIfW9U8N81GQA&ns=1&priceTId=2147850917835909950724192e0fe9&skuId=4827114965718&spm=a21n57.1.item.2&utparam=%7B%22aplus_abtest%22%3A%2211db8c90c38bf4dbab1afe27b35a16e1%22%7D&xxc=taobaoSearch","游戏机出币马达售币机兑币机通用高速耐用数币马达八孔出币器 14-60岁 售币机 男女通用","游戏机出币马达售币机兑币机通用高速耐用数币马达八孔出币器","¥ 88","￥88","11年老店 肆伍陆动漫","https://store.taobao.com/category.htm?appUid=RAzN8HWXE6Nnvq3TokXhMSDvLaV43mRoiGXGJdSNRJr2UmnB2AD&spm=a21n57.1.item.2","广东","付款","https://g-search2.alicdn.com/img/bao/uploaded/i4/i1/726696584/O1CN01W5CClt1yVWh708Nds_!!726696584.png_460x460q90.jpg_.webp","BL-888","新发","售币机","","","八孔马达（常用款）,八孔马达（优质款）,售币机耐磨马达,售币机专用马达,售币机耐磨优质马达,港都八孔马达,宝莱售币机马达","中国大陆","游乐场","14-60岁","其他","男女通用","{""适用性别"": ""男女通用"", ""产地"": ""中国大陆"", ""品牌"": ""新发"", ""适用场景"": ""游乐场"", ""适用年龄段"": ""14-60岁"", ""型号"": ""BL-888"", ""设备种类"": ""其他"", ""控制系统"": ""售币机"", ""颜色分类"": ""八孔马达（常用款）,八孔马达（优质款）,售币机耐磨马达,售币机专用马达,售币机耐磨优质马达,港都八孔马达,宝莱售币机马达""}","2026-07-09 18:01:52","success",""
"taobao","548776911613","游戏机马达","https://item.taobao.com/item.htm?abbucket=7&id=548776911613&mi_id=0000SR6ou0uCX5gyA-1NQ42W55Oa02IDCHIDTZeZHQqsYWM&ns=1&priceTId=2147850917835909950724192e0fe9&skuId=4598028584928&spm=a21n57.1.item.3&utparam=%7B%22aplus_abtest%22%3A%2263be236db52ef47bd6bbc7454067ed48%22%7D&xxc=taobaoSearch","游戏机新发六孔220V小斗马达24V退币马达6孔马达出币器配件 6岁 男女通用","游戏机新发六孔220V小斗马达24V退币马达6孔马达出币器配件","¥ 60","￥60","12年老店 广州宝喜动漫配件","https://store.taobao.com/category.htm?appUid=RAzN8HWSJEC7mzpSPjCk24E5jSuNj71vzQGt9KZQt6oTvUX7jiy&spm=a21n57.1.item.3","广东","付款","https://g-search1.alicdn.com/img/bao/uploaded/i4/i4/570115510/O1CN011Mxrss1qZdHsIuJ5z_!!570115510.jpg_460x460q90.jpg_.webp","马达","宝喜","","","","新发六孔马达220V,福明888六孔24V马达","中国大陆","","13岁,10岁,14岁,12岁,9岁,6岁,8岁,7岁,11岁","其他","男女通用","{""适用性别"": ""男女通用"", ""产地"": ""中国大陆"", ""品牌"": ""宝喜"", ""适用年龄段"": ""13岁,10岁,14岁,12岁,9岁,6岁,8岁,7岁,11岁"", ""型号"": ""马达"", ""设备种类"": ""其他"", ""颜色分类"": ""新发六孔马达220V,福明888六孔24V马达""}","2026-07-09 18:01:52","success",""
"taobao","35860912298","游戏机计数器","https://item.taobao.com/item.htm?abbucket=7&id=35860912298&mi_id=0000rZbdPI9YSs-Py6SAN1K1JpKoEQ1FXitxgQJ1A41s6Xw&ns=1&priceTId=2147850917835910057354814e0fe9&skuId=3423567250021&spm=a21n57.1.item.2&utparam=%7B%22aplus_abtest%22%3A%22ec752c8278b9fca5fbeb61f9e9fb1260%22%7D&xxc=taobaoSearch","娃娃机计数器卡式螺丝固定6位数机械式投币器技术滚动式计数码表 8岁 男女通用","娃娃机计数器卡式螺丝固定6位数机械式投币器技术滚动式计数码表","¥ 4","￥4","13年老店 漫立方动漫配件1号店","https://store.taobao.com/category.htm?appUid=RAzN8HWYJsLHE3v95x4DyVMTSrp3xSpS3vKCC8PaSv1cZjV2Svm&spm=a21n57.1.item.2","广东","付款","https://g-search1.alicdn.com/img/bao/uploaded/i4/i2/849610736/O1CN01amOXyK1HJ87d3xBJ6_!!849610736.jpg_460x460q90.jpg_.webp","计数器","漫立方","","","","螺丝固定：无端子,螺丝固定：带端子,卡式固定：无端子,卡式固定：带端子","","","8岁","","男女通用","{""适用性别"": ""男女通用"", ""品牌"": ""漫立方"", ""适用年龄段"": ""8岁"", ""型号"": ""计数器"", ""颜色分类"": ""螺丝固定：无端子,螺丝固定：带端子,卡式固定：无端子,卡式固定：带端子""}","2026-07-09 18:01:52","success",""
"taobao","595480182986","游戏机计数器","https://item.taobao.com/item.htm?abbucket=7&id=595480182986&mi_id=0000f_YCJnzm0SthCbc43kust4Zx-iTEA94e2WgQgOHdBeg&ns=1&priceTId=2147850917835910057354814e0fe9&skuId=4132244461429&spm=a21n57.1.item.3&utparam=%7B%22aplus_abtest%22%3A%221c65a80d7645dc075cbc598865ee2526%22%7D&xxc=taobaoSearch","游戏机配件电子计数器科林特8位双显计数码表游戏机电子码表特价 12-60岁 投币器 投币","游戏机配件电子计数器科林特8位双显计数码表游戏机电子码表特价","¥ 12","￥12.5","粤巨星1号店","https://store.taobao.com/category.htm?appUid=RAzN8HWUh6Sbf89qNyTNx5GqNxJT8C651uyinxFwCUGTy9KbgLZ&spm=a21n57.1.item.3","广东","付款","https://g-search2.alicdn.com/img/bao/uploaded/i4/i4/458271031/TB2Fe72b8U4h1JjSZFLXXaFMpXa_!!458271031.jpg_460x460q90.jpg_.webp","8位计数器","粤钜星","投币器","投币","动漫风","LC-0208A（不能清零）,LC-0208A（可以清零）","中国大陆","电玩城","12-60岁","娃娃机","男女通用","{""适用性别"": ""男女通用"", ""产地"": ""中国大陆"", ""品牌"": ""粤钜星"", ""适用场景"": ""电玩城"", ""适用年龄段"": ""12-60岁"", ""设备种类"": ""娃娃机"", ""型号"": ""8位计数器"", ""支付方式"": ""投币"", ""控制系统"": ""投币器"", ""主题风格"": ""动漫风"", ""颜色分类"": ""LC-0208A（不能清零）,LC-0208A（可以清零）""}","2026-07-09 18:01:52","success",""
"taobao","777500471291","篮球机配件","https://item.taobao.com/item.htm?abbucket=7&id=777500471291&mi_id=0000aonlQd4l3DXSzf7QCGl4NPldCWi5zpnQ2Nk3muVndPE&ns=1&priceTId=2147850917835910165795394e0fe9&skuId=5486350879646&spm=a21n57.1.item.2&utparam=%7B%22aplus_abtest%22%3A%22988041b81ca346005bf402a762d5dc08%22%7D&xxc=taobaoSearch","游戏机配件 世宇篮球争霸赛光眼 电机 点阵板数码板 炫动篮球配件 14-70岁 世宇篮球争霸赛 篮球机","游戏机配件 世宇篮球争霸赛光眼 电机 点阵板数码板 炫动篮球配件","¥ 15","￥15","7年老店 胜华科技","https://store.taobao.com/category.htm?appUid=RAzN8HWa7r6uwXfRnxvcJp4gJReV6yNJtZ5joMaXQBoe3qeJqHn&spm=a21n57.1.item.2","广东","付款","https://g-search2.alicdn.com/img/bao/uploaded/i4/i4/2780273590/O1CN01kaBruZ1cOGogLej8R_!!2780273590.jpg_460x460q90.jpg_.webp","游戏机配件 世宇篮球争霸赛挡板光眼挡板五金电机扇形齿轮联杆","胜华科技","世宇篮球争霸赛","","","","","","14-70岁","篮球机","男女通用","{""适用性别"": ""男女通用"", ""品牌"": ""胜华科技"", ""适用年龄段"": ""14-70岁"", ""设备种类"": ""篮球机"", ""型号"": ""游戏机配件 世宇篮球争霸赛挡板光眼挡板五金电机扇形齿轮联杆"", ""控制系统"": ""世宇篮球争霸赛""}","2026-07-09 18:01:52","success",""
"taobao","754019078633","篮球机配件","https://item.taobao.com/item.htm?abbucket=7&id=754019078633&mi_id=0000gMecZI0nLx6pOwYtkNTs3e1Lbsk8doczcxQsQA0V39I&ns=1&priceTId=2147850917835910165795394e0fe9&skuId=5367760942788&spm=a21n57.1.item.3&utparam=%7B%22aplus_abtest%22%3A%222516a0c29fc4ee010f4b0ad6fbec6aae%22%7D&xxc=taobaoSearch","游戏机配件 传奇射手篮球机配件 篮球按键按钮光眼 8岁 男女通用","游戏机配件 传奇射手篮球机配件 篮球按键按钮光眼","¥ 14","￥14","6年老店 海贸电子游戏机配件厂","https://store.taobao.com/category.htm?appUid=RAzN8HWaoBw8ZQYEJHURKUb39D2x5NJ8fFtvqvoTnRy3M1BssZX&spm=a21n57.1.item.3","广东","付款","https://g-search3.alicdn.com/img/bao/uploaded/i4/i4/1924985514/O1CN011CxCL21qbSoM74Dwa_!!1924985514.jpg_460x460q90.jpg_.webp","传奇射手","海茂","","","","传奇射手两侧灯带-普亮（54节）270cm,传奇射手两侧灯带-高亮（43节）215cm,传奇射手左侧底板喷绘布,传奇射手右侧底板喷绘布,传奇射手-专用篮球,传奇射手大按键-单人款1,传奇射手大按键-单人款2,传奇射手大按键-联机款1,传奇射手大按键-联机款2,传奇射手小按键-高级(带微动),传奇射手小按键-排名(带微动),进球记数光眼,感应光眼","","","8岁","","男女通用","{""适用性别"": ""男女通用"", ""品牌"": ""海茂"", ""适用年龄段"": ""8岁"", ""型号"": ""传奇射手"", ""颜色分类"": ""传奇射手两侧灯带-普亮（54节）270cm,传奇射手两侧灯带-高亮（43节）215cm,传奇射手左侧底板喷绘布,传奇射手右侧底板喷绘布,传奇射手-专用篮球,传奇射手大按键-单人款1,传奇射手大按键-单人款2,传奇射手大按键-联机款1,传奇射手大按键-联机款2,传奇射手小按键-高级(带微动),传奇射手小按键-排名(带微动),进球记数光眼,感应光眼""}","2026-07-09 18:01:52","success",""
"taobao","551366090359","曲棍球机配件","https://item.taobao.com/item.htm?abbucket=7&id=551366090359&mi_id=0000v7t_dZSqI7hyODBqkVIgZGhAHbcgN04yJEFpX_e0rRM&ns=1&priceTId=2147850917835910272846128e0fe9&skuId=4724315905055&spm=a21n57.1.item.1&utparam=%7B%22aplus_abtest%22%3A%227a93bc961cf0e9ea86e624e3426e6ef8%22%7D&xxc=taobaoSearch","曲棍球手柄垫儿童投币游戏机大象曲棍球推手海绵垫气垫球手把棉垫 14岁以上 男女通用","曲棍球手柄垫儿童投币游戏机大象曲棍球推手海绵垫气垫球手把棉垫","¥ 1","￥1.8","9年老店 广州辰辉动漫科技","https://store.taobao.com/category.htm?appUid=RAzN8HWXukgGFypVq4DSeqiWExzzDYZ2QGiZVWUcSUqyo9H7Jad&spm=a21n57.1.item.1","广东","付款","https://g-search3.alicdn.com/img/bao/uploaded/i4/i3/3039069791/O1CN01hkEsZz2MCKkm6KunK_!!3039069791.jpg_460x460q90.jpg_.webp","曲棍球手柄垫","OTHER","","","","9.4CM棉垫,10CM棉垫","","","14岁以上","其他","男女通用","{""适用性别"": ""男女通用"", ""适用年龄段"": ""14岁以上"", ""品牌"": ""OTHER"", ""型号"": ""曲棍球手柄垫"", ""颜色分类"": ""9.4CM棉垫,10CM棉垫"", ""设备种类"": ""其他""}","2026-07-09 18:01:52","success",""
"taobao","543443826115","曲棍球机配件","https://item.taobao.com/item.htm?abbucket=7&id=543443826115&mi_id=0000O_eQ4Hl5X9A3_r6TpODqNahdeL3vUrSYSYvHMeEDwrY&ns=1&priceTId=2147850917835910272846128e0fe9&skuId=4151836534648&spm=a21n57.1.item.2&utparam=%7B%22aplus_abtest%22%3A%22b660b0dd8ea0713d227af3a66094aaf3%22%7D&xxc=taobaoSearch","曲棍球球片游戏机大象曲棍球配件冰球饼推盘吃豆达人劲爆曲棍球片 5-65岁 男女通用 电玩城","曲棍球球片游戏机大象曲棍球配件冰球饼推盘吃豆达人劲爆曲棍球片","¥ 0","￥0.8","9年老店 广州辰辉动漫科技","https://store.taobao.com/category.htm?appUid=RAzN8HWXukgGFypVq4DSeqiWExzzDYZ2QGiZVWUcSUqyo9H7Jad&spm=a21n57.1.item.2","广东","付款","https://g-search3.alicdn.com/img/bao/uploaded/i4/i4/3039069791/O1CN01Kb5G5N2MCL2260ns3_!!3039069791.jpg_460x460q90.jpg_.webp","曲棍球球片","OTHER","OTHER","OTHER","OTHER","","广州番禺","电玩城","5-65岁","其他","男女通用","{""适用性别"": ""男女通用"", ""产地"": ""广州番禺"", ""适用场景"": ""电玩城"", ""适用年龄段"": ""5-65岁"", ""品牌"": ""OTHER"", ""型号"": ""曲棍球球片"", ""支付方式"": ""OTHER"", ""控制系统"": ""OTHER"", ""设备种类"": ""其他"", ""主题风格"": ""OTHER""}","2026-07-09 18:01:52","success",""
"taobao","1038897388928","游戏机枪配件","https://item.taobao.com/item.htm?abbucket=7&id=1038897388928&mi_id=00000W7v9ZuJVtBa5cEuTRhVVXscehIWIdmtSaDAn83TV_Y&ns=1&priceTId=2147850917835910381126832e0fe9&skuId=6054512652165&spm=a21n57.1.item.2&utparam=%7B%22aplus_abtest%22%3A%228f7d6842fa55912e6e0d48f627c320ac%22%7D&xxc=taobaoSearch","完毁袭击游戏机配件 枪线模拟机枪机游艺机红外射击完毁袭击枪线 14-60岁 220V 射击类游戏机","完毁袭击游戏机配件 枪线模拟机枪机游艺机红外射击完毁袭击枪线","¥ 115","平台加补后￥115.3优惠前￥135","造物者动漫游戏配件","https://store.taobao.com/category.htm?appUid=RAzN8HWVDJ1WNLKM7rMw9aPjciWTpraboAiiVF1TLRdJxRRcgcd&spm=a21n57.1.item.2","广东","付款","https://g-search2.alicdn.com/img/bao/uploaded/i4/i4/2221131628777/O1CN01dkwWfi2EhvOmOdygK_!!2221131628777.png_460x460q90.jpg_.webp","完毁袭击枪线","游艺机","220V","","","","","","14-60岁","射击类游戏机","","{""品牌"": ""游艺机"", ""适用年龄段"": ""14-60岁"", ""设备种类"": ""射击类游戏机"", ""型号"": ""完毁袭击枪线"", ""控制系统"": ""220V""}","2026-07-09 18:01:52","success",""
"taobao","603253503454","游戏机枪配件","https://item.taobao.com/item.htm?abbucket=7&id=603253503454&mi_id=0000gGZMOYh0Q7kwPlNOqF5MZ_lD3BjJ8VOuBmQO6roKFsU&ns=1&priceTId=2147850917835910381126832e0fe9&skuId=4221637180044&spm=a21n57.1.item.3&utparam=%7B%22aplus_abtest%22%3A%226c9e1c874941887b2206e5493592fddf%22%7D&xxc=taobaoSearch","游戏枪机手柄配件丛林探险手柄外壳萌鸡奇兵熊猫大炮射球手把枪把 14岁以上 男女通用","游戏枪机手柄配件丛林探险手柄外壳萌鸡奇兵熊猫大炮射球手把枪把","¥ 14","￥14","9年老店 广州辰辉动漫科技","https://store.taobao.com/category.htm?appUid=RAzN8HWXukgGFypVq4DSeqiWExzzDYZ2QGiZVWUcSUqyo9H7Jad&spm=a21n57.1.item.3","广东","付款","https://g-search1.alicdn.com/img/bao/uploaded/i4/i2/3039069791/O1CN01af2YGt2MCKZdFUgGA_!!3039069791.jpg_460x460q90.jpg_.webp","游戏枪机手柄","OTHER","","","","手柄壳不带微动,手柄带一个微动,手柄带两个微动","","","14岁以上","其他","男女通用","{""适用性别"": ""男女通用"", ""适用年龄段"": ""14岁以上"", ""品牌"": ""OTHER"", ""型号"": ""游戏枪机手柄"", ""颜色分类"": ""手柄壳不带微动,手柄带一个微动,手柄带两个微动"", ""设备种类"": ""其他""}","2026-07-09 18:01:52","success",""
"taobao","893010742556","空压机游戏机配件","https://item.taobao.com/item.htm?abbucket=7&id=893010742556&mi_id=0000pfqfTxVawk9QLoWxB0sypUpZ_5f4r-EUan6QhdXdKhU&ns=1&priceTId=2147850917835910488577659e0fe9&skuId=5743239037921&spm=a21n57.1.item.2&utparam=%7B%22aplus_abtest%22%3A%22a30e21c69b2d2df0c59855af3dd88740%22%7D&xxc=taobaoSearch","空压机开关盒子外壳配件大全气泵零件外罩压缩机开关控制器保护盖 工程塑料 磁力 中国大陆","空压机开关盒子外壳配件大全气泵零件外罩压缩机开关控制器保护盖","¥ 7","平台加补后￥7.06优惠前￥7.92","周周精选好货店","https://store.taobao.com/category.htm?appUid=RAzN8HWPjJuH3xFdxB9KguVJS1KPDMd1873tw5mkcAL2bRoJPkg&spm=a21n57.1.item.2","浙江","付款","https://g-search3.alicdn.com/img/bao/uploaded/i4/i2/3160374930/O1CN01m8pCgL1mHzdoaqb4s_!!3160374930.jpg_460x460q90.jpg_.webp","空压机开关盒子","无品牌/无注册商标","","","","一个 送安装螺丝,五个 送安装螺丝,十个 送安装螺丝","中国大陆","","","","","{""产地"": ""中国大陆"", ""材质"": ""工程塑料"", ""品牌"": ""无品牌/无注册商标"", ""型号"": ""空压机开关盒子"", ""颜色分类"": ""一个 送安装螺丝,五个 送安装螺丝,十个 送安装螺丝""}","2026-07-09 18:01:52","success",""
"taobao","566653017251","空压机游戏机配件","https://item.taobao.com/item.htm?abbucket=7&id=566653017251&mi_id=0000NH7zTjqYSy5o3lWjgd2Q8DWuvL4S0KXeMuzhw1yrP2I&ns=1&priceTId=2147850917835910488577659e0fe9&skuId=4331321283760&spm=a21n57.1.item.3&utparam=%7B%22aplus_abtest%22%3A%229166690a69cf63df199690ae78208f6c%22%7D&xxc=taobaoSearch","游戏机射球机的球35mm空心球大学实验球3.5cm白色气压射击加厚球 4-100岁 射球 投币","游戏机射球机的球35mm空心球大学实验球3.5cm白色气压射击加厚球","¥ 5","平台加补后￥5.88优惠前￥6","8年老店 城市英雄游戏机配件","https://store.taobao.com/category.htm?appUid=RAzN8HWb1aUUQt93j8RMUjSy5R5PspybZVYjV4SkbkUEYF526D3&spm=a21n57.1.item.3","广东","付款","https://g-search3.alicdn.com/img/bao/uploaded/i4/i4/3429509684/O1CN01jXYLpl2LPKBqJ6Vfq_!!3429509684.jpg_460x460q90.jpg_.webp","35MM","射球机","射球","投币","动漫","50个8克包邮,100个8克包邮,200个8克包邮,100个橙色包邮,10个8克加厚试用,50个橙色包邮","","电玩城","4-100岁","射击类游戏机","男女通用","{""适用性别"": ""男女通用"", ""品牌"": ""射球机"", ""适用场景"": ""电玩城"", ""适用年龄段"": ""4-100岁"", ""设备种类"": ""射击类游戏机"", ""型号"": ""35MM"", ""支付方式"": ""投币"", ""控制系统"": ""射球"", ""主题风格"": ""动漫"", ""颜色分类"": ""50个8克包邮,100个8克包邮,200个8克包邮,100个橙色包邮,10个8克加厚试用,50个橙色包邮""}","2026-07-09 18:01:52","success",""
"taobao","613497340624","游戏机螺丝","https://item.taobao.com/item.htm?abbucket=7&id=613497340624&mi_id=0000RgzMkOu-3lIwlrB4ja1gshWV9Ic7uYjwCBxL6DoeyxA&ns=1&priceTId=2147850917835910596608470e0fe9&skuId=4324053445257&spm=a21n57.1.item.2&utparam=%7B%22aplus_abtest%22%3A%226ccda3693a8dcf56672c7bf789f5b09b%22%7D&xxc=taobaoSearch","游戏机维修工具耗材盒装机械螺丝自攻螺丝游艺机机修家用工具零件 20-60岁 漫京星 代币","游戏机维修工具耗材盒装机械螺丝自攻螺丝游艺机机修家用工具零件","¥ 7","￥7.5","粤巨星1号店","https://store.taobao.com/category.htm?appUid=RAzN8HWUh6Sbf89qNyTNx5GqNxJT8C651uyinxFwCUGTy9KbgLZ&spm=a21n57.1.item.2","广东","付款","https://g-search2.alicdn.com/img/bao/uploaded/i4/i3/458271031/O1CN01Uc9A3S1JUEvktlJzO_!!458271031.jpg_460x460q90.jpg_.webp","盒装螺丝","粤钜星","漫京星","代币","动漫","自攻螺丝1盒（10格）,机械螺丝1盒（15格）,32合一套装工具","中国大陆","","20-60岁","娃娃机","男女通用","{""适用性别"": ""男女通用"", ""产地"": ""中国大陆"", ""品牌"": ""粤钜星"", ""适用年龄段"": ""20-60岁"", ""设备种类"": ""娃娃机"", ""型号"": ""盒装螺丝"", ""支付方式"": ""代币"", ""控制系统"": ""漫京星"", ""主题风格"": ""动漫"", ""颜色分类"": ""自攻螺丝1盒（10格）,机械螺丝1盒（15格）,32合一套装工具""}","2026-07-09 18:01:52","success",""
"taobao","520873518032","游戏机螺丝","https://item.taobao.com/item.htm?abbucket=7&id=520873518032&mi_id=0000KBwyQh4ne5wyxgN-s8T-hITFERNeyJj5y40YQx2D3Js&ns=1&priceTId=2147850917835910596608470e0fe9&skuId=3104026427026&spm=a21n57.1.item.3&utparam=%7B%22aplus_abtest%22%3A%222f4a91d00f3dd240c2292f6fb415c4e0%22%7D&xxc=taobaoSearch","游戏机侧投投币器螺丝防滑螺母摇杆娃娃机螺杆螺帽 4厘螺丝螺帽 10岁 男女通用","游戏机侧投投币器螺丝防滑螺母摇杆娃娃机螺杆螺帽 4厘螺丝螺帽","¥ 5","平台加补后￥5.88优惠前￥6","12年老店 广州丰华动漫","https://store.taobao.com/category.htm?appUid=RAzN8HWWSsLLNHMNtEqxU6ij9poK16Svmh9deuvog3hunTrjpFd&spm=a21n57.1.item.3","广东","付款","https://g-search1.alicdn.com/img/bao/uploaded/i4/i2/1086142856/O1CN01QbX2kf1Wy5i337T3O_!!1086142856.jpg_460x460q90.jpg_.webp","螺丝","丰华","","","","螺丝100个,螺帽100个,螺丝+螺帽100套","中国大陆","","12个月,10岁","其他","男女通用","{""适用性别"": ""男女通用"", ""产地"": ""中国大陆"", ""品牌"": ""丰华"", ""适用年龄段"": ""12个月,10岁"", ""型号"": ""螺丝"", ""颜色分类"": ""螺丝100个,螺帽100个,螺丝+螺帽100套"", ""设备种类"": ""其他""}","2026-07-09 18:01:52","success",""
"taobao","534425782665","游戏机扎带","https://item.taobao.com/item.htm?abbucket=7&id=534425782665&mi_id=0000gWtS2vjQirhFOa7MmiQkUrXaZjqqNGc4KKs77NrlhjI&ns=1&priceTId=2147850917835910703481214e0fe9&skuId=5256882974417&spm=a21n57.1.item.1&utparam=%7B%22aplus_abtest%22%3A%229ab7d0fe41aaa4b4599992df75a369ee%22%7D&xxc=taobaoSearch","电脑机箱扎带主机背部理线黑色白色尼龙扎线4*150收纳束线带100根","电脑机箱扎带主机背部理线黑色白色尼龙扎线4*150收纳束线带100根","¥ 3","店铺优惠后￥3.43优惠前￥3.9","14年老店 宅男电脑店","https://store.taobao.com/category.htm?appUid=RAzN8HWWeH51g2gNyWY2n2wXpBgpSpHJEwiw4zQvRV5P4g7J6eV&spm=a21n57.1.item.1","浙江","付款","https://g-search3.alicdn.com/img/bao/uploaded/i4/i1/359508402/O1CN01DAQZdH2BwAcBEmsQQ_!!359508402.jpg_460x460q90.jpg_.webp","4*150mm","","","","","黑色一包,白色一包","","","","","","{""颜色分类"": ""黑色一包,白色一包"", ""规格"": ""4*150mm""}","2026-07-09 18:01:52","success",""
"taobao","875220539553","游戏机扎带","https://item.taobao.com/item.htm?abbucket=7&id=875220539553&mi_id=0000HWl7ISK4FvqkR8TpXKdbC2LG263EN-4Eupx9-yIVnFM&ns=1&priceTId=2147850917835910703481214e0fe9&skuId=5764758809540&spm=a21n57.1.item.2&utparam=%7B%22aplus_abtest%22%3A%225cee93fa808955540215c5070ae0491f%22%7D&xxc=taobaoSearch","自粘魔术贴理线带猫头防脱落绑线带扎带数据线捆绑带 Cable Ties 品牌新客补贴，当日有效 入选源头优选理线带热销 榜 绑线带 宿舍 电线收纳","自粘魔术贴理线带猫头防脱落绑线带扎带数据线捆绑带 Cable Ties","¥ 2","平台加补后￥2.9优惠前￥3.9","8年老店 信美魔术贴厂家","https://store.taobao.com/category.htm?appUid=RAzN8HWKDERyNn7bAZz59BcDX9AvW4ZsUF2epjKee2rFf5NkkyS&spm=a21n57.1.item.2","广东","付款","https://g-search3.alicdn.com/img/bao/uploaded/i4/i4/3433409339/O1CN019UlI8H2IrJszzKVTO_!!3433409339.webp_460x460q90.jpg_.webp","Hook and Loop Cable Ties","信美魔术贴","","","","12x120mm黑色50条,12x150mm黑色50条,12x200mm黑色50条,12x250mm黑色50条,12x300mm黑色50条,12x350mm黑色50条,12x400mm黑色50条,12x450mm黑色50条,12x150mm混色50条,12x200mm混色50条,12x250mm混色50条,12x300mm混色50条,12x150mm红色50条,12x150mm黄色50条,12x150mm蓝色50条,12x150mm绿色50条,12x150mm白色50条,12x150mm灰色50条,12x200mm红色50条,12x200mm黄色50条,12x200mm蓝色50条,12x200mm绿色50条,12x200mm白色50条,12x200mm灰色50条,12x250mm红色50条,12x250mm黄色50条,12x250mm蓝色50条,12x250mm绿色50条,12x250mm白色50条,12x300mm红色50条,12x300mm黄色50条,12x300mm蓝色50条,12x300mm绿色50条,12x300mm白色50条,12x120mm黑色10条,12x150mm黑色10条,12x150mm混10条","","电线收纳","","","","{""品牌"": ""信美魔术贴"", ""型号"": ""Hook and Loop Cable Ties"", ""材质"": ""其他"", ""适用场景"": ""电线收纳"", ""颜色分类"": ""12x120mm黑色50条,12x150mm黑色50条,12x200mm黑色50条,12x250mm黑色50条,12x300mm黑色50条,12x350mm黑色50条,12x400mm黑色50条,12x450mm黑色50条,12x150mm混色50条,12x200mm混色50条,12x250mm混色50条,12x300mm混色50条,12x150mm红色50条,12x150mm黄色50条,12x150mm蓝色50条,12x150mm绿色50条,12x150mm白色50条,12x150mm灰色50条,12x200mm红色50条,12x200mm黄色50条,12x200mm蓝色50条,12x200mm绿色50条,12x200mm白色50条,12x200mm灰色50条,12x250mm红色50条,12x250mm黄色50条,12x250mm蓝色50条,12x250mm绿色50条,12x250mm白色50条,12x300mm红色50条,12x300mm黄色50条,12x300mm蓝色50条,12x300mm绿色50条,12x300mm白色50条,12x120mm黑色10条,12x150mm黑色10条,12x150mm混10条""}","2026-07-09 18:01:52","success",""
"taobao","547912332912","游戏机塑胶件","https://item.taobao.com/item.htm?abbucket=7&id=547912332912&mi_id=00000xlKQFjUYmwfbVEOVUPHoFu6aq5bSK41MuIOn8qDb1s&ns=1&priceTId=2147850917835910811401833e0fe9&skuId=5763492899964&spm=a21n57.1.item.2&utparam=%7B%22aplus_abtest%22%3A%22b0fd415622a17ba24bcd32000fcec6ff%22%7D&xxc=taobaoSearch","游戏机配件赛车机配件 环游赛车游戏机配件挂档杆 档位 塑料拨棍 14岁以上 赛车机 男女通用","游戏机配件赛车机配件 环游赛车游戏机配件挂档杆 档位 塑料拨棍","¥ 29","￥29","12年老店 广州铭盛科技","https://store.taobao.com/category.htm?appUid=RAzN8HWKk3sRoDXjQuM39YjpCDy4FPwFV6NgEUdjTohUR1TMEZ7&spm=a21n57.1.item.2","广东","付款","https://g-search3.alicdn.com/img/bao/uploaded/i4/i2/474375678/O1CN019ETgKo1roZqzPXOW6_!!474375678.jpg_460x460q90.jpg_.webp","环游赛车游戏机配件挂档杆","环游赛车游戏机配件挂档杆","","","","【金属】赛车波棍+贴纸+2微动,【黑胶】赛车波棍+贴纸+2微动,【黑胶】赛车波棍","","","14岁以上","赛车机","男女通用","{""适用性别"": ""男女通用"", ""品牌"": ""环游赛车游戏机配件挂档杆"", ""适用年龄段"": ""14岁以上"", ""设备种类"": ""赛车机"", ""型号"": ""环游赛车游戏机配件挂档杆"", ""颜色分类"": ""【金属】赛车波棍+贴纸+2微动,【黑胶】赛车波棍+贴纸+2微动,【黑胶】赛车波棍""}","2026-07-09 18:01:52","success",""
"taobao","793565814818","游戏机塑胶件","https://item.taobao.com/item.htm?abbucket=7&id=793565814818&mi_id=0000w1QDKgdRhPKMDdp7Ym4_0OM7kjo62m1FLUx7aJTebj8&ns=1&priceTId=2147850917835910811401833e0fe9&skuId=5763800838361&spm=a21n57.1.item.3&utparam=%7B%22aplus_abtest%22%3A%2287b93f4e933dc712a6aa275db0472f5f%22%7D&xxc=taobaoSearch","极速5游戏机配件极速5波棍头波棍极速5档位块挡位片防尘片塑料片 6-90岁 按键 软胶","极速5游戏机配件极速5波棍头波棍极速5档位块挡位片防尘片塑料片","¥ 10","￥10","12年老店 广州铭盛科技","https://store.taobao.com/category.htm?appUid=RAzN8HWKk3sRoDXjQuM39YjpCDy4FPwFV6NgEUdjTohUR1TMEZ7&spm=a21n57.1.item.3","广东","付款","https://g-search2.alicdn.com/img/bao/uploaded/i4/i4/474375678/O1CN01WYZsnV1roZuixbgno_!!474375678.png_460x460q90.jpg_.webp","极速5波棍头","other/其他","按键","","","极速5波棍,极速5波棍铁,极速5波棍弹簧,极速5档位块,车极速5挡位片7cm*10cm小,车极速5挡位片7cm*11cm中,车极速5挡位片93cm*125cm大,极速按键软胶,波棍头-平孔,波棍头-凸孔","","","6-90岁","其他","男女通用","{""适用性别"": ""男女通用"", ""适用年龄段"": ""6-90岁"", ""品牌"": ""other/其他"", ""型号"": ""极速5波棍头"", ""设备种类"": ""其他"", ""控制系统"": ""按键"", ""颜色分类"": ""极速5波棍,极速5波棍铁,极速5波棍弹簧,极速5档位块,车极速5挡位片7cm*10cm小,车极速5挡位片7cm*11cm中,车极速5挡位片93cm*125cm大,极速按键软胶,波棍头-平孔,波棍头-凸孔""}","2026-07-09 18:01:52","success",""
"taobao","723792060492","游戏机五金件","https://item.taobao.com/item.htm?abbucket=7&id=723792060492&mi_id=00002hFkdfpsLW38eHeeTX3OrwgprapVDHiRtL2M7M0DUlA&ns=1&priceTId=2147850917835910918932351e0fe9&skuId=5762272148032&spm=a21n57.1.item.2&utparam=%7B%22aplus_abtest%22%3A%2299864a50d6c7cf36cbd968000aa459ae%22%7D&xxc=taobaoSearch","世宇黄金堡玻璃门 带锁片 游戏机配件 推币机五金 不锈钢固定片 14岁以上 推币机 男女通用","世宇黄金堡玻璃门 带锁片 游戏机配件 推币机五金 不锈钢固定片","¥ 5","￥5","12年老店 广州铭盛科技","https://store.taobao.com/category.htm?appUid=RAzN8HWKk3sRoDXjQuM39YjpCDy4FPwFV6NgEUdjTohUR1TMEZ7&spm=a21n57.1.item.2","广东","付款","https://g-search1.alicdn.com/img/bao/uploaded/i4/i4/474375678/O1CN01cIbKZw1roZTOcDYJB_!!474375678.jpg_460x460q90.jpg_.webp","黄金堡玻璃门","钢化玻璃门","","","","黄金堡玻璃门,黄金堡玻璃门锁片","","","14岁以上","推币机","男女通用","{""适用性别"": ""男女通用"", ""品牌"": ""钢化玻璃门"", ""适用年龄段"": ""14岁以上"", ""设备种类"": ""推币机"", ""型号"": ""黄金堡玻璃门"", ""颜色分类"": ""黄金堡玻璃门,黄金堡玻璃门锁片""}","2026-07-09 18:01:52","success",""
"taobao","863242596587","游戏机五金件","https://item.taobao.com/item.htm?abbucket=7&id=863242596587&mi_id=0000LJTO-ED8hlTkh5JIq2sWdEvte_LKKREZSiMXKk6v-yk&ns=1&priceTId=2147850917835910918932351e0fe9&skuId=5850691018220&spm=a21n57.1.item.3&utparam=%7B%22aplus_abtest%22%3A%22fa0abdf6aad928307cedad1531e3a93d%22%7D&xxc=taobaoSearch","泡泡龙推球机泡泡龙亚克力转盘五金 游戏机配件 14岁以上 推币机 男女通用","泡泡龙推球机泡泡龙亚克力转盘五金 游戏机配件","¥ 15","￥15","12年老店 广州铭盛科技","https://store.taobao.com/category.htm?appUid=RAzN8HWKk3sRoDXjQuM39YjpCDy4FPwFV6NgEUdjTohUR1TMEZ7&spm=a21n57.1.item.3","广东","付款","https://g-search2.alicdn.com/img/bao/uploaded/i4/i3/474375678/O1CN01hGoHuC1roZueu9R6u_!!474375678.png_460x460q90.jpg_.webp","泡泡龙转盘","OTHER","","","","泡泡龙亚克力转盘,泡泡龙五金块","","","14岁以上","推币机","男女通用","{""适用性别"": ""男女通用"", ""适用年龄段"": ""14岁以上"", ""设备种类"": ""推币机"", ""品牌"": ""OTHER"", ""型号"": ""泡泡龙转盘"", ""颜色分类"": ""泡泡龙亚克力转盘,泡泡龙五金块""}","2026-07-09 18:01:52","success",""
"taobao","708592131160","游戏机工具","https://item.taobao.com/item.htm?abbucket=7&id=708592131160&mi_id=0000q0wibWV0qE5GbR8XOevZx6mwklPr6vN7jTKU87PMIC8&ns=1&priceTId=2147850917835911023973012e0fe9&skuId=5146884019164&spm=a21n57.1.item.2&utparam=%7B%22aplus_abtest%22%3A%221b2824b7274babc52bb733781075fbb6%22%7D&xxc=taobaoSearch","游戏机通用6086钥匙门锁抓娃娃机弹珠机夹公仔礼品机篮球街机钥匙 14岁以上 男女通用","游戏机通用6086钥匙门锁抓娃娃机弹珠机夹公仔礼品机篮球街机钥匙","¥ 1","￥1.9","6年老店 动漫之家品牌店","https://store.taobao.com/category.htm?appUid=RAzN8HWL1vpmMeUkUvHWv4rqQWxvaB5QFM1hnb76vqKQ6s5wJzF&spm=a21n57.1.item.2","广东","付款","https://g-search3.alicdn.com/img/bao/uploaded/i4/i3/3224953996/O1CN01kwpxiq1fODV4YI5ZG_!!3224953996.jpg_460x460q90.jpg_.webp","锁","嘿机","","","","6086钥匙一把,1把短锁+1把钥匙（6086型号）","中国大陆","","14岁以上","其他","男女通用","{""适用性别"": ""男女通用"", ""产地"": ""中国大陆"", ""品牌"": ""嘿机"", ""适用年龄段"": ""14岁以上"", ""型号"": ""锁"", ""颜色分类"": ""6086钥匙一把,1把短锁+1把钥匙（6086型号）"", ""设备种类"": ""其他""}","2026-07-09 18:01:52","success",""
"taobao","1049609910384","游戏机工具","https://item.taobao.com/item.htm?abbucket=7&id=1049609910384&mi_id=0000OQbZvrFnkJMhpuNmch0la1TVYxE5EOSSrZZKhB3TBh4&ns=1&priceTId=2147850917835911023973012e0fe9&skuId=6080252288303&spm=a21n57.1.item.3&utparam=%7B%22aplus_abtest%22%3A%225a9bc656013e2b5311695325720e78f8%22%7D&xxc=taobaoSearch","抓烟机娃娃机柜门锁钥匙游戏机梅花锁开关钥匙电柜箱钥匙维修工具 不可调节 14-60岁 旋转开关","抓烟机娃娃机柜门锁钥匙游戏机梅花锁开关钥匙电柜箱钥匙维修工具","¥ 36","平台加补后￥36.34优惠前￥36.7","10年老店 雅唯正品阀门钥匙包开店","https://store.taobao.com/category.htm?appUid=RAzN8HWRoPjJoVVwxL6AceCHgpUCeC9xmEzuiMY8SJbfb8HtLJM&spm=a21n57.1.item.3","浙江","付款","https://g-search3.alicdn.com/img/bao/uploaded/i4/i2/2905531311/O1CN01HpPbwj1LYUNj6FCfB_!!2905531311.png_460x460q90.jpg_.webp","梅花锁开关","荣罗","旋转开关","平台支付","游戏机强开钥匙","","中国大陆","电玩城","14-60岁","其他","","{""产地"": ""中国大陆"", ""品牌"": ""荣罗"", ""适用场景"": ""电玩城"", ""适用年龄段"": ""14-60岁"", ""型号"": ""梅花锁开关"", ""支付方式"": ""平台支付"", ""控制系统"": ""旋转开关"", ""设备种类"": ""其他"", ""主题风格"": ""游戏机强开钥匙""}","2026-07-09 18:01:52","success",""
"taobao","998479780577","马戏团游戏机配件","https://item.taobao.com/item.htm?abbucket=7&id=998479780577&mi_id=0000s5nLFcfPojx0mOayWQBzcB20QIZze0J_yKA5nI0F2sk&ns=1&priceTId=2147850917835911132483651e0fe9&skuId=5979913569708&spm=a21n57.1.item.2&utparam=%7B%22aplus_abtest%22%3A%225b7ac4ac17fa7f02742f37c1b735763b%22%7D&xxc=taobaoSearch","大魔术师摇摆雨刷配件 蝴蝶光眼滑轨电机 超级马戏团光眼百变小丑 14-65岁 游艺机系统 支付宝/微信/银行卡等","大魔术师摇摆雨刷配件 蝴蝶光眼滑轨电机 超级马戏团光眼百变小丑","¥ 3","￥3","7年老店 胜华科技","https://store.taobao.com/category.htm?appUid=RAzN8HWa7r6uwXfRnxvcJp4gJReV6yNJtZ5joMaXQBoe3qeJqHn&spm=a21n57.1.item.2","广东","付款","https://g-search3.alicdn.com/img/bao/uploaded/i4/i4/2780273590/O1CN01h1MIFd1cOGz1W1omZ_!!2780273590.jpg_460x460q90.jpg_.webp","大魔术师摇摆雨刷配件 蝴蝶光眼滑轨电机 超级马戏团光眼百变小丑","胜华科技","游艺机系统","支付宝/微信/银行卡等","机械风","","中国大陆","主题乐园","14-65岁","推币机","","{""产地"": ""中国大陆"", ""品牌"": ""胜华科技"", ""适用场景"": ""主题乐园"", ""适用年龄段"": ""14-65岁"", ""设备种类"": ""推币机"", ""型号"": ""大魔术师摇摆雨刷配件 蝴蝶光眼滑轨电机 超级马戏团光眼百变小丑"", ""支付方式"": ""支付宝/微信/银行卡等"", ""控制系统"": ""游艺机系统"", ""主题风格"": ""机械风""}","2026-07-09 18:01:52","success",""
"taobao","41200709138","马戏团游戏机配件","https://item.taobao.com/item.htm?abbucket=7&id=41200709138&mi_id=0000X5QTNvLbhkZKdFUOGLzsBFcN-rwpjsiJXpdeNL8Sp-Y&ns=1&priceTId=2147850917835911132483651e0fe9&skuId=6262847611746&spm=a21n57.1.item.3&utparam=%7B%22aplus_abtest%22%3A%22922e15dceb1dfbd7d14bd643d82e2c55%22%7D&xxc=taobaoSearch","大魔术师超级小火车魔术师马戏团百变小丑火焰山马达电机双轴JM 8-80岁 游艺 推币机","大魔术师超级小火车魔术师马戏团百变小丑火焰山马达电机双轴JM","¥ 75","￥75","12年老店 广州铭盛科技","https://store.taobao.com/category.htm?appUid=RAzN8HWKk3sRoDXjQuM39YjpCDy4FPwFV6NgEUdjTohUR1TMEZ7&spm=a21n57.1.item.3","广东","付款","https://g-search2.alicdn.com/img/bao/uploaded/i4/i2/474375678/O1CN01v1641s1roZyfF1hGE_!!474375678.png_460x460q90.jpg_.webp","欢乐马戏团配件","铭盛科技","游艺","","动漫","马达电机（白）-双轴,RH马达电机-双轴,加强版-马达电机（质保一年）,双轴马达电机,海盗船长国产电机","广州番禺","电玩城","8-80岁","推币机","男女通用","{""适用性别"": ""男女通用"", ""产地"": ""广州番禺"", ""品牌"": ""铭盛科技"", ""适用场景"": ""电玩城"", ""适用年龄段"": ""8-80岁"", ""设备种类"": ""推币机"", ""型号"": ""欢乐马戏团配件"", ""控制系统"": ""游艺"", ""主题风格"": ""动漫"", ""颜色分类"": ""马达电机（白）-双轴,RH马达电机-双轴,加强版-马达电机（质保一年）,双轴马达电机,海盗船长国产电机""}","2026-07-09 18:01:52","success",""
"taobao","679300978666","控台配件","https://item.taobao.com/item.htm?abbucket=7&id=679300978666&mi_id=0000sbREaB-y7FGyWo3u8jA3uFtN65QT4SXU1uVSBMceas0&ns=1&priceTId=2147850917835911242364211e0fe9&skuId=5091309423305&spm=a21n57.1.item.2&utparam=%7B%22aplus_abtest%22%3A%227ba364ef413add7af8b40eee3c64a80e%22%7D&xxc=taobaoSearch","MA黑马老虎控台按键帽推杆帽Tiger Touch DPKT舞台灯光控制台配件","MA黑马老虎控台按键帽推杆帽Tiger Touch DPKT舞台灯光控制台配件","¥ 10","平台加补后￥10.67优惠前￥11","11年老店 广州华炫灯光设备","https://store.taobao.com/category.htm?appUid=RAzN8HWW7TSY2YFqU5341x1PRaten4XFcejs1JmsWVbxbV1YtDL&spm=a21n57.1.item.2","广东","付款","https://g-search3.alicdn.com/img/bao/uploaded/i4/i1/2035046452/O1CN01eRxuYd1xX4BVhu4UZ_!!2035046452.jpg_460x460q90.jpg_.webp","","","","","","MA按键,按键帽（字符拍下备注）,推杆帽,MA转轮盖,MA编码器6针","中国大陆","","","","","{""产地"": ""中国大陆"", ""颜色分类"": ""MA按键,按键帽（字符拍下备注）,推杆帽,MA转轮盖,MA编码器6针""}","2026-07-09 18:01:52","success",""
"taobao","892282176254","控台配件","https://item.taobao.com/item.htm?abbucket=7&id=892282176254&mi_id=0000lOn8-_K9gwM3bmu4OMR8sdNnvZz80Z5ltgp2HVP9yok&ns=1&priceTId=2147850917835911242364211e0fe9&skuId=5905182078725&spm=a21n57.1.item.3&utparam=%7B%22aplus_abtest%22%3A%2254d1d7ab4219686bfd8ae564415bde70%22%7D&xxc=taobaoSearch","控台转轮盖#1024控台转轮帽#控台铝转轮#半轴旋钮#力度384旋钮#","控台转轮盖#1024控台转轮帽#控台铝转轮#半轴旋钮#力度384旋钮#","¥ 9","￥9.9","6年老店 鸿升舞台灯光","https://store.taobao.com/category.htm?appUid=RAzN8HWXgX8rHBAb78n9xH1VGwTMqa1c1ModkMjUXZNY9RSZz5H&spm=a21n57.1.item.3","广东","付款","https://g-search3.alicdn.com/img/bao/uploaded/i4/i3/2459014816/O1CN013mWMsZ1lRmUMejVvr_!!2459014816.jpg_460x460q90.jpg_.webp","","","","","","银色,黑色,雕刻","","","","","","{""颜色分类"": ""银色,黑色,雕刻""}","2026-07-09 18:01:52","success",""
